gameKey,seasonName,date,winner,H_AST,H_BLK,H_DREB,H_OREB,H_PRB,H_TRB,H_2PA,H_2PM,H_3PA,H_3PM,H_DKA,H_DKM,H_FTA,H_FTM,H_SWA,H_SWM,H_FGA,H_FGM,H_TPF,H_PF,H_SUB,H_PP,H_PA,H_STL,H_TTO,H_PTO,H_MIN,H_UF,H_TF,H_TOM,H_EJ,H_NR,H_TS%,H_eFG%,H_EFF,H_TEAM,A_AST,A_BLK,A_DREB,A_OREB,A_PRB,A_TRB,A_2PA,A_2PM,A_3PA,A_3PM,A_DKA,A_DKM,A_FTA,A_FTM,A_SWA,A_SWM,A_FGA,A_FGM,A_TPF,A_PF,A_SUB,A_PP,A_PA,A_STL,A_TTO,A_PTO,A_MIN,A_UF,A_TF,A_TOM,A_EJ,A_NR,A_TS%,A_eFG%,A_EFF,A_TEAM
S45G01N1,2024-2025,20241019,home,10,4,27,6,33,4,45,24,29,8,0,0,5,5,2,2,74,32,14,30,14,77,79,6,0,7,2400,0,0,6,0,9.965371545230184,40.7088122605364,41.666666666666664,85,부산 KCC,16,3,32,20,52,6,57,22,27,8,0,0,5,4,4,4,84,30,16,33,29,72,89,3,2,14,2400,0,0,6,0,-9.965371545230184,35.416666666666664,35.416666666666664,81,수원 KT
S45G01N2,2024-2025,20241019,home,19,5,21,8,29,5,40,24,23,6,1,1,26,20,3,4,64,31,17,38,25,88,90,8,0,14,2400,0,0,16,0,5.4845698825005655,37.87878787878788,50.0,101,원주 DB,20,1,23,15,38,2,46,23,22,6,3,3,18,13,2,0,71,32,19,45,28,83,89,7,1,17,2400,0,0,6,0,-5.4845698825005655,45.5820476858345,58.8235294117647,89,서울 삼성
S45G01N3,2024-2025,20241019,home,18,3,23,13,36,11,41,19,28,5,0,0,27,17,5,4,69,24,19,40,26,70,96,7,0,12,2400,0,0,6,0,-1.6542671149581452,35.612535612535616,47.22222222222222,78,창원 LG,11,6,28,7,35,6,36,17,25,6,0,0,16,15,3,4,61,23,20,42,31,67,77,6,1,14,2400,0,0,5,0,1.6542671149581452,23.234200743494423,15.0,77,대구 한국가스공사
S45G01N4,2024-2025,20241020,home,16,3,29,5,34,7,42,22,23,7,0,0,11,7,5,4,65,29,17,35,22,72,76,12,1,17,2400,1,0,14,0,11.59438634017026,51.85589519650655,57.142857142857146,86,수원 KT,20,4,26,14,40,5,46,21,27,3,0,0,17,12,5,2,73,24,18,36,33,63,90,11,1,16,2400,0,0,14,0,-11.59438634017026,33.738191632928476,35.714285714285715,72,서울 삼성
S45G01N5,2024-2025,20241020,home,26,4,29,14,43,3,52,32,23,5,2,2,22,12,19,17,77,39,13,26,25,95,99,11,2,10,2400,0,0,17,0,26.460364052376903,50.65123010130246,65.78947368421052,122,서울 SK,19,3,24,15,39,2,36,15,32,9,4,3,12,8,2,0,72,27,17,34,24,71,84,7,0,18,2400,0,1,6,0,-26.460364052376903,28.558875219683653,29.41176470588235,74,안양 정관장
S45G01N6,2024-2025,20241020,away,15,0,17,10,27,9,46,22,21,6,1,1,24,18,3,0,68,29,15,30,19,82,92,4,0,13,2400,1,0,6,0,-31.108755776316542,45.54655870445344,53.57142857142857,79,울산 현대모비스,17,1,25,11,36,2,53,33,23,9,0,0,9,7,8,6,76,42,20,45,34,100,85,10,1,7,2400,0,0,19,0,31.108755776316542,48.25367647058823,59.375,122,고양 소노
S45G01N7,2024-2025,20241021,home,23,3,27,8,35,3,33,23,33,12,1,1,7,5,2,4,67,36,16,33,17,89,74,8,0,17,2400,0,0,14,0,2.134164341025894,57.117750439367306,67.6470588235294,111,창원 LG,20,2,22,5,27,1,42,29,26,6,1,1,7,6,9,9,69,36,17,34,19,84,76,13,0,9,2400,0,0,18,0,-2.134164341025894,46.666666666666664,46.666666666666664,104,부산 KCC
S45G01N8,2024-2025,20241022,home,16,5,28,11,39,3,46,19,27,8,2,2,15,11,9,8,75,29,18,36,20,77,90,14,0,12,2400,0,0,17,0,6.431525096840616,43.36349924585219,60.0,92,서울 SK,21,3,32,20,52,2,44,16,33,9,2,2,9,9,4,0,79,27,16,36,19,72,88,10,0,20,2400,1,0,6,0,-6.431525096840616,41.1764705882353,41.1764705882353,88,원주 DB
S45G01N9,2024-2025,20241023,away,20,1,16,5,21,4,39,20,19,7,0,0,9,8,0,0,58,27,17,36,17,69,67,4,0,10,2400,1,1,5,0,-10.263789412642907,41.946308724832214,43.333333333333336,77,부산 KCC,17,2,26,17,43,5,46,25,27,6,0,0,13,11,8,6,73,31,17,35,19,79,86,6,1,8,2400,0,0,10,0,10.263789412642907,39.682539682539684,44.44444444444444,99,고양 소노
S45G01N10,2024-2025,20241024,away,15,2,27,13,40,2,50,19,21,5,1,1,13,7,4,4,72,25,19,40,31,62,85,5,0,13,2400,0,0,6,0,-39.274072984829544,41.666666666666664,41.666666666666664,60,원주 DB,19,5,31,10,41,3,40,21,31,13,1,1,12,9,3,4,72,35,18,38,28,92,84,6,1,10,2400,0,0,9,0,39.274072984829544,51.594746716697934,61.76470588235294,115,대구 한국가스공사
S45G01N11,2024-2025,20241024,home,20,2,26,15,41,2,38,22,29,9,1,1,13,9,6,3,68,32,17,35,21,82,81,7,1,12,2400,0,0,12,0,14.544060749481801,50.0,50.0,101,창원 LG,18,4,22,5,27,4,34,15,29,12,1,1,9,7,1,0,64,28,16,33,19,75,73,6,1,11,2400,0,0,3,0,-14.544060749481801,53.333333333333336,53.333333333333336,84,안양 정관장
S45G01N12,2024-2025,20241025,away,18,0,18,6,24,4,47,19,18,9,0,0,14,11,6,4,65,28,17,36,17,76,79,9,2,13,2400,1,0,8,0,-26.794569676195906,52.94117647058823,52.94117647058823,76,부산 KCC,26,3,30,9,39,0,48,30,20,9,1,1,10,7,6,4,69,40,17,35,19,96,79,7,0,13,2400,0,0,12,0,26.794569676195906,48.25367647058823,56.25,126,울산 현대모비스
S45G01N13,2024-2025,20241025,home,21,1,36,15,51,4,51,20,22,9,0,0,14,10,2,1,73,29,18,36,30,77,87,4,0,13,2400,0,0,4,0,7.609747817430275,23.834745762711865,25.0,97,수원 KT,20,4,27,8,35,4,52,26,24,3,1,0,19,14,10,3,77,29,18,36,19,75,96,10,0,4,2400,0,0,8,0,-7.609747817430275,24.16520210896309,23.529411764705884,91,서울 SK
S45G01N14,2024-2025,20241026,home,17,3,22,9,31,4,37,16,28,10,3,3,11,8,5,0,68,29,18,36,22,76,79,8,0,10,2400,0,0,15,0,8.585621128804746,48.07692307692307,57.142857142857146,87,대구 한국가스공사,14,4,27,11,38,2,45,22,20,7,1,0,5,5,4,4,66,29,19,38,31,70,71,5,0,17,2400,0,0,6,0,-8.585621128804746,46.90431519699813,50.0,79,서울 삼성
S45G01N15,2024-2025,20241026,home,15,3,26,14,40,6,47,26,27,7,1,1,9,7,4,4,75,34,17,34,18,82,84,5,1,9,2400,0,0,4,0,-1.5708478439974982,60.91101694915255,65.625,98,고양 소노,25,2,24,5,29,2,34,18,23,10,0,0,17,11,3,0,57,28,16,32,23,77,74,4,1,9,2400,1,0,8,0,1.5708478439974982,41.1764705882353,41.1764705882353,94,창원 LG
S45G01N16,2024-2025,20241026,home,15,7,33,11,44,5,48,22,25,5,2,2,9,5,5,4,75,29,15,30,16,68,84,8,1,13,2400,1,0,8,0,5.00315331347683,34.21052631578947,34.21052631578947,83,안양 정관장,15,7,26,7,33,4,39,19,26,5,1,1,9,5,7,2,66,25,16,33,19,60,75,7,2,13,2400,1,0,9,0,-5.00315331347683,28.73563218390805,33.333333333333336,66,원주 DB
S45G01N17,2024-2025,20241027,away,19,3,32,9,41,4,35,20,27,7,1,1,11,10,5,5,63,28,20,44,24,73,74,7,2,22,2400,1,0,10,0,-4.037791864666289,36.76470588235294,37.5,87,서울 삼성,15,2,24,6,30,2,41,20,24,5,1,1,24,19,15,14,66,26,14,28,17,76,90,13,0,10,2400,1,0,16,0,4.037791864666289,52.72407732864674,58.8235294117647,83,서울 SK
S45G01N18,2024-2025,20241027,away,22,3,33,17,50,1,57,22,32,12,1,1,14,7,2,2,90,35,18,39,31,89,104,6,0,8,2700,1,0,10,0,-1.9603031011732526,41.551246537396125,42.30769230769231,101,수원 KT,26,4,35,17,52,3,47,22,32,10,1,1,26,15,1,0,80,33,18,37,20,91,106,5,1,13,2700,0,0,6,0,1.9603031011732526,50.872093023255815,62.5,109,울산 현대모비스
S45G01N19,2024-2025,20241027,away,18,3,29,7,36,5,40,22,24,8,0,0,3,2,3,4,64,30,13,26,21,70,67,4,1,18,2400,0,0,8,0,-10.94758909853249,58.333333333333336,58.333333333333336,82,원주 DB,22,4,23,5,28,3,41,21,31,11,1,1,0,0,6,2,73,33,12,24,17,77,73,9,1,7,2400,0,0,13,0,10.94758909853249,52.77777777777778,52.77777777777778,95,부산 KCC
S45G01N20,2024-2025,20241028,home,17,2,24,6,30,2,35,21,31,11,0,0,14,8,5,6,66,32,17,36,24,83,80,9,0,6,2400,0,0,13,0,13.631674687125056,52.84926470588235,62.5,97,고양 소노,21,7,28,9,37,1,35,19,21,6,1,1,16,12,3,0,57,26,18,36,21,70,73,2,0,14,2400,1,0,6,0,-13.631674687125056,46.42857142857143,46.42857142857143,89,안양 정관장
S45G01N21,2024-2025,20241029,away,21,3,31,10,41,3,41,21,22,6,2,2,14,9,3,0,65,29,18,38,27,73,79,1,0,13,2400,0,0,4,0,-6.468817697356613,41.82754182754183,54.76190476190476,88,서울 삼성,16,3,25,4,29,3,50,28,18,5,1,1,10,4,5,2,69,34,15,32,21,77,79,7,1,4,2400,0,0,17,0,6.468817697356613,21.04377104377104,22.22222222222222,89,부산 KCC
S45G01N22,2024-2025,20241030,away,11,1,16,6,22,5,29,11,22,8,2,2,17,14,5,2,53,21,14,33,21,64,70,9,1,18,2400,1,0,8,0,-39.063224627599396,46.42857142857143,46.42857142857143,58,안양 정관장,23,2,26,8,34,3,31,18,33,15,2,2,14,12,3,2,66,35,19,40,20,97,80,12,0,12,2400,0,0,19,0,39.063224627599396,55.88235294117647,55.88235294117647,126,대구 한국가스공사
S45G01N23,2024-2025,20241031,away,16,5,22,14,36,6,37,14,33,8,0,0,15,9,1,0,70,22,19,40,35,61,85,9,1,12,2400,0,1,8,0,-9.937102077641086,20.391517128874387,19.23076923076923,66,고양 소노,16,4,31,17,48,3,45,17,21,5,1,1,21,18,6,6,67,23,19,40,23,69,88,7,1,16,2400,0,0,4,0,9.937102077641086,43.327556325823224,57.69230769230769,83,수원 KT
S45G01N24,2024-2025,20241031,away,19,3,30,22,52,4,43,20,42,10,1,1,20,8,4,2,86,31,19,43,30,80,106,8,0,11,2700,0,0,11,0,-2.9224677510068773,18.028846153846153,25.0,88,서울 삼성,24,3,28,14,42,7,54,25,21,5,4,3,19,12,5,1,79,33,19,41,18,83,98,5,1,11,2700,0,0,14,0,2.9224677510068773,45.54655870445344,57.142857142857146,99,울산 현대모비스
S45G01N25,2024-2025,20241101,away,12,1,14,6,20,6,45,18,21,5,0,0,9,7,3,4,66,23,18,38,28,58,75,12,0,9,2400,0,0,12,0,-30.879661903102118,67.85714285714286,67.85714285714286,55,부산 KCC,18,1,32,12,44,3,30,17,27,9,3,2,17,15,8,2,60,28,17,36,34,80,77,6,1,17,2400,0,0,15,0,30.879661903102118,61.51142355008787,73.52941176470588,100,대구 한국가스공사
S45G01N26,2024-2025,20241101,away,16,3,25,7,32,4,39,21,18,3,1,1,17,13,4,4,58,25,15,31,27,66,75,5,0,14,2400,0,1,6,0,-4.9916246722313815,25.188916876574307,30.76923076923077,75,창원 LG,19,2,24,10,34,5,44,24,24,5,2,2,9,5,7,10,70,31,18,36,18,72,79,8,1,11,2400,0,0,12,0,4.9916246722313815,39.0625,50.0,85,서울 SK
S45G01N27,2024-2025,20241102,home,15,2,23,18,41,3,53,22,25,6,1,1,24,16,7,9,79,29,16,32,17,80,103,8,0,6,2400,0,0,10,0,1.8998456023996653,32.44274809160306,39.473684210526315,85,수원 KT,19,7,26,9,35,9,42,20,20,7,2,2,16,13,7,7,64,29,19,45,23,78,80,3,1,15,2400,0,1,8,0,-1.8998456023996653,28.558875219683653,32.35294117647059,97,원주 DB
S45G01N28,2024-2025,20241102,away,20,2,30,13,43,2,48,22,16,4,1,1,20,13,7,2,65,27,15,31,20,71,85,6,1,15,2400,0,0,0,0,0.11245261904892345,47.22921914357683,50.0,83,울산 현대모비스,19,5,25,4,29,5,41,19,25,9,1,1,9,5,4,2,67,29,18,38,18,72,76,6,1,10,2400,0,1,15,0,-0.11245261904892345,59.375,59.375,83,안양 정관장
S45G01N29,2024-2025,20241102,home,18,2,25,12,37,1,36,23,26,7,1,1,13,9,4,2,63,31,18,40,18,78,76,6,0,12,2400,0,0,7,0,3.422962106629157,67.11409395973155,73.33333333333333,94,서울 삼성,18,0,16,7,23,5,30,14,29,11,0,0,16,15,5,5,59,25,14,30,14,76,75,10,1,10,2400,0,0,9,0,-3.422962106629157,41.946308724832214,43.333333333333336,86,고양 소노
S45G01N30,2024-2025,20241103,away,18,1,15,7,22,4,51,25,22,7,0,0,3,2,3,2,73,32,19,39,22,73,76,11,0,8,2400,0,0,18,0,-9.870990746164281,35.91954022988506,38.888888888888886,79,창원 LG,18,1,26,14,40,4,49,28,10,3,1,1,16,11,5,4,60,32,15,32,17,78,76,2,1,20,2400,0,0,12,0,9.870990746164281,34.898477157360404,45.0,89,울산 현대모비스
S45G01N31,2024-2025,20241103,home,24,3,20,12,32,3,31,15,35,16,0,0,13,13,3,2,66,31,17,34,20,91,79,11,0,15,2400,0,0,12,0,20.83157923481103,65.625,65.625,114,대구 한국가스공사,16,0,19,15,34,4,45,22,22,6,3,3,12,8,8,6,70,31,14,28,21,76,82,9,0,15,2400,1,0,14,0,-20.83157923481103,19.157088122605366,22.22222222222222,81,서울 SK
S45G01N32,2024-2025,20241103,home,25,5,24,9,33,2,35,22,27,14,2,2,15,12,5,5,64,38,13,26,18,102,79,6,1,8,2400,0,0,9,0,49.13130701389153,54.15944540727904,69.23076923076923,135,부산 KCC,18,1,17,9,26,4,47,26,22,5,1,1,2,2,8,4,70,32,17,37,22,71,72,6,2,11,2400,0,0,6,0,-49.13130701389153,38.095238095238095,38.095238095238095,75,안양 정관장
S45G01N33,2024-2025,20241104,away,19,2,26,10,36,3,36,19,25,6,0,0,11,8,3,1,61,25,18,39,18,64,72,7,0,21,2400,0,0,5,0,-18.67184344326772,68.44380403458213,81.81818181818181,71,원주 DB,19,1,23,22,45,3,46,25,32,5,0,0,17,14,7,4,78,30,19,39,19,79,95,14,1,14,2400,0,0,10,0,18.67184344326772,53.93996247654784,58.8235294117647,95,고양 소노
S45G01N34,2024-2025,20241105,home,20,2,19,7,26,2,37,15,28,14,2,2,8,6,1,0,67,31,20,42,18,82,75,7,0,11,2400,0,1,19,0,11.00117123609661,66.20762711864407,75.0,90,대구 한국가스공사,15,3,24,15,39,7,39,23,27,6,0,0,13,10,5,2,66,29,18,36,14,74,79,5,2,18,2400,0,0,4,0,-11.00117123609661,17.321016166281755,19.23076923076923,83,수원 KT
S45G01N35,2024-2025,20241106,away,19,4,21,14,35,2,52,22,20,7,2,2,8,7,3,0,74,31,16,34,21,76,82,6,0,13,2400,0,1,8,0,-20.568505876395548,50.67567567567568,61.111111111111114,85,울산 현대모비스,23,5,26,13,39,5,46,29,22,4,4,4,21,17,11,6,72,37,14,29,25,95,93,7,0,11,2400,0,0,10,0,20.568505876395548,50.287356321839084,55.55555555555556,124,서울 SK
S45G01N36,2024-2025,20241107,home,24,3,23,12,35,8,38,19,24,8,2,2,24,14,2,2,64,29,20,45,27,80,88,4,0,11,2400,0,1,7,0,-6.271450482539848,46.80187207488299,58.8235294117647,98,서울 삼성,16,4,20,7,27,3,34,16,25,10,0,0,22,17,2,5,59,26,19,42,32,79,81,3,0,7,2400,0,0,13,0,6.271450482539848,21.126760563380284,14.285714285714286,87,창원 LG
S45G01N37,2024-2025,20241107,home,18,5,24,14,38,1,41,23,28,7,0,0,11,7,5,2,69,30,16,32,18,74,80,8,0,7,2400,0,1,9,0,7.837289338587752,31.407035175879397,30.952380952380953,94,안양 정관장,18,3,27,18,45,3,41,21,34,9,0,0,9,4,7,2,75,30,17,34,22,73,84,5,0,10,2400,0,0,2,0,-7.837289338587752,50.377833753148614,61.53846153846154,87,수원 KT
S45G01N38,2024-2025,20241108,home,19,2,18,18,36,7,51,20,20,8,1,1,17,13,6,3,72,29,17,35,15,79,89,12,0,14,2400,0,0,13,0,11.972809050326504,39.62536023054755,43.18181818181818,94,울산 현대모비스,16,1,24,5,29,4,37,21,20,5,3,3,8,7,5,2,60,29,19,40,25,70,68,10,1,17,2400,0,0,12,0,-11.972809050326504,65.94036697247707,68.75,80,원주 DB
S45G01N39,2024-2025,20241108,home,22,5,30,11,41,5,33,19,39,16,3,3,8,7,6,4,75,38,19,39,25,99,83,8,1,7,2400,0,0,9,0,47.00766362724609,93.33333333333333,93.33333333333333,134,대구 한국가스공사,18,2,23,17,40,2,39,16,36,9,0,0,13,6,5,2,75,25,16,34,29,65,88,6,1,12,2400,0,0,7,0,-47.00766362724609,26.493256262042387,30.0,63,고양 소노
S45G01N40,2024-2025,20241109,home,14,1,25,10,35,4,33,14,28,8,3,3,11,7,3,4,64,25,18,37,17,65,75,3,1,10,2400,0,0,13,0,5.512866448883912,37.31343283582089,38.46153846153846,68,수원 KT,13,2,29,9,38,1,34,16,22,3,0,0,19,18,3,2,56,19,17,35,25,59,75,4,3,11,2400,0,0,8,0,-5.512866448883912,29.317697228144986,30.76923076923077,65,창원 LG
S45G01N41,2024-2025,20241109,home,31,2,36,9,45,1,50,31,13,5,6,5,11,6,19,12,69,41,15,31,18,93,80,8,1,12,2400,0,0,16,0,43.24687037546401,50.702028081123245,70.58823529411765,134,서울 SK,18,2,15,5,20,2,31,13,31,7,0,0,12,10,5,0,62,20,14,28,19,57,74,7,1,11,2400,0,0,8,0,-43.24687037546401,33.454987834549875,33.333333333333336,50,부산 KCC
S45G01N42,2024-2025,20241109,home,25,3,31,6,37,2,48,28,17,10,0,0,18,16,5,2,65,38,17,37,27,102,83,9,1,6,2400,0,0,13,0,58.74620649119217,48.16955684007707,53.333333333333336,142,안양 정관장,17,3,21,12,33,1,35,17,31,5,0,0,13,10,4,2,66,22,17,38,29,59,79,2,0,13,2400,0,0,4,0,-58.74620649119217,44.09509202453988,53.125,55,서울 삼성
S45G01N43,2024-2025,20241110,home,18,5,31,15,46,5,37,18,25,8,0,0,19,13,0,0,62,26,18,40,24,73,81,4,0,12,2400,0,1,4,0,36.37969744806469,40.80118694362017,50.0,97,원주 DB,13,1,22,5,27,6,31,10,30,8,0,0,11,7,2,0,61,18,20,45,34,51,72,7,1,10,2400,0,0,15,0,-36.37969744806469,23.094688221709006,26.923076923076923,47,창원 LG
S45G01N44,2024-2025,20241110,away,12,3,21,12,33,4,33,16,27,6,3,3,11,8,2,3,63,25,18,37,37,64,74,4,2,13,2400,0,0,4,0,-8.300445383754436,36.111111111111114,36.111111111111114,64,대구 한국가스공사,19,4,20,12,32,4,45,21,13,4,3,3,14,7,5,6,61,28,18,37,15,67,75,8,0,11,2400,0,1,10,0,8.300445383754436,60.62355658198614,76.92307692307692,83,울산 현대모비스
S45G01N45,2024-2025,20241110,home,28,2,29,5,34,4,44,28,21,10,0,0,7,5,8,0,65,38,14,29,18,91,72,5,0,8,2400,0,0,8,0,33.71020185305568,61.53846153846154,61.53846153846154,127,서울 SK,22,3,19,15,34,6,34,15,42,11,0,0,12,8,1,2,76,26,13,26,26,71,88,6,0,9,2400,0,0,8,0,-33.71020185305568,29.41176470588235,29.41176470588235,79,고양 소노
S45G01N46,2024-2025,20241111,home,22,1,28,14,42,3,43,20,25,8,0,0,10,5,5,3,68,28,16,32,18,69,78,7,0,12,2400,0,0,6,0,16.367219492219476,23.946360153256705,25.0,87,수원 KT,14,4,22,7,29,6,30,15,24,4,2,2,16,12,2,0,56,21,15,31,21,58,72,7,2,15,2400,0,0,9,0,-16.367219492219476,26.824034334763947,20.0,62,안양 정관장
S45G01N47,2024-2025,20241112,away,19,2,26,9,35,3,42,22,32,10,1,1,6,4,5,2,75,33,18,41,14,80,81,7,1,9,2400,1,1,13,1,-6.467547248099677,32.5,32.5,92,원주 DB,19,4,27,7,34,8,40,17,26,11,2,2,19,17,4,1,68,30,16,32,18,88,87,2,0,11,2400,0,0,6,0,6.467547248099677,44.014084507042256,53.57142857142857,104,서울 SK
S45G01N48,2024-2025,20241113,away,15,2,24,13,37,7,41,23,32,8,0,0,19,8,1,0,73,31,20,45,38,78,92,10,1,13,2400,0,0,12,0,1.5305838481660743,27.873070325900514,34.21052631578947,82,고양 소노,20,2,28,9,37,8,41,22,27,7,2,2,20,11,4,2,70,31,19,41,19,80,90,7,2,15,2400,0,0,9,0,-1.5305838481660743,47.98903107861061,52.63157894736842,89,울산 현대모비스
S45G01N49,2024-2025,20241114,away,14,1,23,10,33,3,29,12,36,11,2,2,7,3,2,0,67,25,16,34,23,64,74,10,0,10,2400,0,0,7,0,-3.09287626245586,41.1764705882353,41.1764705882353,69,대구 한국가스공사,15,2,27,14,41,9,40,20,28,7,2,2,7,4,5,5,70,29,15,30,19,69,77,5,1,14,2400,0,0,10,0,3.09287626245586,50.0,50.0,82,원주 DB
S45G01N50,2024-2025,20241114,away,18,2,25,9,34,1,35,21,33,10,0,0,8,4,4,2,68,31,19,38,27,76,76,8,0,10,2400,0,0,10,0,-3.4745053385491076,56.27962085308057,64.28571428571429,88,창원 LG,17,3,27,12,39,4,40,18,25,9,1,1,16,13,3,6,66,28,18,36,15,78,82,9,0,11,2400,0,0,6,0,3.4745053385491076,32.95254833040421,32.35294117647059,98,수원 KT
S45G01N51,2024-2025,20241127,home,20,3,28,9,37,2,53,27,17,6,0,0,16,12,2,2,70,33,14,28,23,84,86,3,0,5,2400,0,0,4,0,9.919851126921216,35.046728971962615,41.1764705882353,103,부산 KCC,20,1,27,12,39,3,49,23,26,10,1,0,7,5,6,2,76,33,20,40,22,81,83,4,2,10,2400,0,0,4,0,-9.919851126921216,45.41864139020537,50.0,91,울산 현대모비스
S45G01N52,2024-2025,20241127,away,25,1,31,12,43,1,40,19,29,11,0,0,2,2,3,0,69,30,18,38,26,73,71,4,0,16,2400,0,0,6,0,-6.710601255809706,36.353467561521256,36.666666666666664,92,창원 LG,16,0,26,14,40,3,46,18,27,10,1,1,18,10,7,8,74,29,14,28,23,78,92,12,0,6,2400,0,0,14,0,6.710601255809706,52.40683229813664,60.0,90,서울 SK
S45G01N53,2024-2025,20241128,away,18,2,24,13,37,9,36,17,22,8,0,0,21,13,3,1,58,25,18,39,24,71,79,4,3,25,2400,0,0,4,0,-22.017938571349816,33.307210031347964,46.42857142857143,72,서울 삼성,17,1,15,11,26,4,36,19,32,10,1,1,19,13,6,4,69,30,17,39,25,83,88,14,2,8,2400,0,0,14,0,22.017938571349816,35.91954022988506,38.888888888888886,90,수원 KT
S45G01N54,2024-2025,20241128,home,15,2,25,14,39,6,39,27,29,8,0,0,13,10,4,2,68,35,15,30,17,88,81,2,0,11,2400,0,0,9,0,11.521823998406987,75.0,75.0,105,원주 DB,20,1,17,6,23,2,30,16,35,14,0,0,7,4,1,0,65,30,19,41,23,78,72,5,0,7,2400,0,0,14,0,-11.521823998406987,51.85589519650655,64.28571428571429,84,고양 소노
S45G01N55,2024-2025,20241129,home,15,2,35,10,45,2,44,18,26,7,1,0,18,12,8,7,71,25,19,40,24,69,89,8,2,13,2400,0,0,10,0,0.9780186071073587,36.76470588235294,42.5,74,서울 SK,14,2,31,11,42,7,32,13,38,8,2,2,17,13,4,2,72,23,19,40,30,67,89,7,1,12,2400,0,0,12,0,-0.9780186071073587,34.64818763326226,38.46153846153846,73,대구 한국가스공사
S45G01N56,2024-2025,20241129,home,26,8,40,12,52,3,38,16,38,11,3,3,18,14,3,0,79,30,19,44,29,85,97,5,2,16,2700,0,0,10,0,3.838304723451344,50.0,50.0,108,안양 정관장,22,6,34,7,41,4,38,14,33,11,1,0,23,18,3,0,72,25,18,37,18,79,95,9,0,13,2700,0,0,14,0,-3.838304723451344,11.645962732919253,10.0,96,부산 KCC
S45G01N57,2024-2025,20241130,away,19,1,20,13,33,5,30,13,40,13,1,1,13,6,5,4,71,27,18,38,20,73,84,7,1,13,2400,0,0,10,0,-17.461413446814902,41.666666666666664,41.666666666666664,73,수원 KT,21,4,25,19,44,6,44,24,27,8,2,1,17,11,8,0,73,33,19,39,23,85,90,8,2,14,2400,1,1,10,1,17.461413446814902,23.830155979202775,30.76923076923077,106,울산 현대모비스
S45G01N58,2024-2025,20241130,away,18,2,19,14,33,5,39,19,26,9,0,0,19,13,1,2,65,28,17,34,21,78,84,2,1,10,2400,0,0,0,0,-11.677201786841621,43.10344827586207,53.125,84,고양 소노,26,3,20,9,29,6,41,25,27,8,1,1,12,10,2,0,69,34,19,41,25,86,81,3,0,4,2400,0,0,7,0,11.677201786841621,60.36217303822938,64.70588235294117,112,창원 LG
S45G01N59,2024-2025,20241130,away,14,4,28,15,43,1,36,11,32,11,0,0,14,11,3,2,68,22,19,40,30,66,82,6,0,12,2400,1,0,5,0,-10.232294565778716,35.714285714285715,35.714285714285715,73,서울 삼성,18,2,29,14,43,7,33,13,37,12,0,0,20,14,2,0,70,25,17,38,13,76,90,9,1,9,2400,2,0,4,0,10.232294565778716,54.54545454545455,54.54545454545455,94,원주 DB
S45G01N60,2024-2025,20241201,home,22,4,27,17,44,3,38,19,31,12,2,2,23,22,6,1,71,33,18,38,22,100,94,8,0,10,2400,0,0,20,0,55.46991413760166,45.87155963302752,52.63157894736842,132,서울 SK,11,0,19,12,31,5,35,20,33,3,0,0,16,13,3,0,68,23,19,38,22,62,84,6,1,15,2400,0,0,6,0,-55.46991413760166,31.201248049921997,35.294117647058826,51,수원 KT
S45G01N61,2024-2025,20241201,away,14,0,26,7,33,3,31,13,35,12,0,0,6,5,2,0,66,25,19,40,20,67,72,6,1,11,2400,0,1,10,0,-8.035319890643848,50.0,50.0,69,고양 소노,16,2,29,9,38,6,43,18,20,7,1,1,20,15,1,0,64,26,17,35,14,74,84,3,1,10,2400,0,0,8,0,8.035319890643848,63.259109311740886,82.14285714285714,85,부산 KCC
S45G01N62,2024-2025,20241201,home,19,3,21,14,35,2,39,11,36,16,1,1,15,11,2,0,76,28,19,41,28,83,91,8,0,7,2400,0,0,11,0,4.5805744122419725,29.105392156862745,27.083333333333332,91,대구 한국가스공사,18,8,32,6,38,5,33,19,26,8,2,2,16,14,2,0,61,29,19,40,26,80,77,2,1,14,2400,0,0,2,0,-4.5805744122419725,46.15952732644018,55.88235294117647,102,안양 정관장
S45G01N63,2024-2025,20241202,away,14,4,22,11,33,4,43,23,26,4,0,0,19,13,3,2,69,27,17,38,31,71,88,9,0,12,2400,0,0,2,0,-20.87383886327845,40.783034257748774,50.0,75,서울 삼성,23,2,28,10,38,6,43,18,21,10,6,5,16,11,6,4,70,33,19,40,20,87,86,9,1,11,2400,0,0,16,0,20.87383886327845,34.93788819875776,40.0,111,울산 현대모비스
S45G01N64,2024-2025,20241203,home,22,1,32,8,40,2,31,20,25,9,1,1,27,16,5,4,57,30,18,38,21,85,84,8,0,13,2400,0,0,14,0,30.23721828087814,46.53130287648054,66.66666666666667,107,대구 한국가스공사,11,0,20,6,26,3,32,14,28,9,0,0,12,8,1,2,60,23,19,41,26,63,72,6,4,15,2400,0,0,5,0,-30.23721828087814,46.15384615384615,46.15384615384615,49,고양 소노
S45G01N65,2024-2025,20241204,home,29,4,27,6,33,5,35,21,38,17,1,1,6,3,7,2,74,39,16,36,23,98,80,13,2,11,2400,0,0,19,0,37.68914730810903,73.6842105263158,73.6842105263158,131,원주 DB,19,3,29,12,41,2,44,21,24,2,1,1,19,17,10,3,69,24,17,34,35,67,88,8,1,16,2400,0,0,10,0,-37.68914730810903,46.29629629629629,52.77777777777778,76,안양 정관장
S45G01N66,2024-2025,20241205,home,21,0,31,6,37,4,52,29,14,2,3,3,16,13,5,4,69,34,17,35,17,83,85,10,0,8,2400,0,0,12,0,9.606489011747556,42.06730769230769,58.333333333333336,109,울산 현대모비스,19,1,25,9,34,3,46,22,24,9,0,0,8,4,4,2,70,31,19,40,26,75,78,5,0,13,2400,0,0,18,0,-9.606489011747556,42.96235679214402,45.65217391304348,81,창원 LG
S45G01N67,2024-2025,20241205,away,17,2,22,8,30,5,40,18,25,5,0,0,11,8,5,0,65,23,16,33,27,59,76,9,0,13,2400,0,0,12,0,-19.72668668830569,37.5,37.5,64,대구 한국가스공사,16,4,33,7,40,2,38,20,25,9,1,1,7,5,3,2,64,30,19,40,27,74,71,5,0,15,2400,0,0,8,0,19.72668668830569,41.46919431279621,46.42857142857143,90,서울 삼성
S45G01N68,2024-2025,20241206,away,19,6,37,9,46,2,40,18,23,8,1,1,10,7,6,2,64,27,17,34,25,69,74,4,1,18,2400,0,0,3,0,-3.964958076253751,57.142857142857146,57.142857142857146,87,안양 정관장,16,0,26,5,31,5,43,22,28,7,1,1,10,6,6,6,72,30,18,37,28,73,82,11,1,7,2400,0,0,10,0,3.964958076253751,32.69617706237425,32.35294117647059,82,서울 SK
S45G01N69,2024-2025,20241206,away,11,3,24,5,29,5,23,13,27,10,0,0,10,8,1,0,50,23,16,34,21,64,60,3,1,12,2400,0,0,0,0,-4.395526627730746,53.84615384615385,53.84615384615385,73,고양 소노,15,1,22,14,36,4,30,14,41,12,0,0,12,8,2,4,71,26,18,37,15,72,83,5,0,4,2400,0,0,11,0,4.395526627730746,44.55909943714822,50.0,80,수원 KT
S45G01N70,2024-2025,20241207,home,24,1,19,13,32,2,37,17,32,14,3,3,8,7,8,2,72,34,16,32,15,89,80,5,0,6,2400,0,0,11,0,5.035969495727372,36.03603603603604,36.666666666666664,108,울산 현대모비스,19,0,23,12,35,1,41,20,26,12,1,1,7,7,1,2,68,33,18,38,21,85,75,1,0,9,2400,0,0,8,0,-5.035969495727372,62.203791469194314,67.85714285714286,97,대구 한국가스공사
S45G01N71,2024-2025,20241207,away,15,3,31,10,41,4,34,14,34,8,0,0,10,9,2,2,68,22,20,43,30,61,78,3,1,14,2400,0,0,6,0,-21.40317398183035,43.10344827586207,50.0,65,서울 삼성,23,3,29,7,36,8,48,23,24,7,0,0,16,11,6,2,72,30,17,35,22,78,88,10,0,5,2400,0,1,11,0,21.40317398183035,48.07692307692308,50.0,106,부산 KCC
S45G01N72,2024-2025,20241207,home,19,2,27,13,40,3,39,17,27,10,1,1,16,10,2,2,67,28,18,36,31,76,83,8,1,9,2400,1,0,6,0,6.74924716914866,39.14988814317674,40.0,93,창원 LG,17,1,23,10,33,5,36,12,27,12,3,3,13,8,3,2,66,27,18,38,23,74,79,3,0,11,2400,0,0,5,0,-6.74924716914866,56.28517823639775,61.76470588235294,78,원주 DB
S45G01N73,2024-2025,20241208,home,9,1,27,22,49,6,43,21,35,4,0,0,7,6,4,3,78,25,19,39,19,60,85,11,0,13,2400,1,0,12,0,0.5726565060739546,26.15844544095665,26.19047619047619,69,수원 KT,12,5,28,10,38,1,35,13,26,7,0,0,14,11,3,1,61,20,15,30,18,58,75,4,0,13,2400,1,0,9,0,-0.5726565060739546,47.05882352941177,47.05882352941177,61,부산 KCC
S45G01N74,2024-2025,20241208,away,24,2,21,8,29,5,34,22,32,9,0,0,14,10,1,0,66,31,19,41,22,81,80,5,0,11,2400,0,1,6,0,-13.794391555942084,36.03603603603604,40.0,96,고양 소노,21,4,23,9,32,3,33,14,27,13,3,3,22,19,6,1,63,30,14,30,18,92,85,8,0,12,2400,0,0,13,0,13.794391555942084,49.586776859504134,55.88235294117647,112,서울 SK
S45G01N75,2024-2025,20241208,away,16,3,21,12,33,4,45,22,30,6,2,2,11,5,2,0,77,30,18,39,23,71,88,3,0,7,2400,0,0,9,0,-31.427111248866197,48.15745393634841,52.38095238095238,70,울산 현대모비스,23,7,34,5,39,4,42,25,24,11,2,2,13,8,5,4,68,38,18,40,16,95,81,5,2,8,2400,1,0,4,0,31.427111248866197,40.7088122605364,44.44444444444444,128,안양 정관장
S45G01N76,2024-2025,20241209,home,15,0,23,8,31,3,41,19,18,5,1,1,35,30,6,1,60,25,20,45,23,85,95,9,0,6,2400,0,0,15,0,8.66095757103929,40.42288557213931,66.66666666666667,97,대구 한국가스공사,27,1,23,16,39,8,38,18,29,10,0,0,20,12,1,0,67,28,20,48,32,78,87,1,1,13,2400,0,0,6,0,-8.66095757103929,42.90171606864274,52.94117647058823,93,창원 LG
S45G01N77,2024-2025,20241210,home,28,2,31,10,41,1,47,22,22,9,1,1,9,7,10,2,70,32,15,30,13,80,79,9,2,19,2400,0,0,9,0,6.756785181909677,43.65079365079365,52.77777777777778,100,부산 KCC,18,2,26,13,39,3,41,21,30,7,4,4,8,3,11,12,75,32,18,37,20,74,83,11,1,17,2400,0,0,22,0,-6.756785181909677,50.30181086519115,55.88235294117647,81,서울 SK
S45G01N78,2024-2025,20241211,away,16,3,23,7,30,5,30,20,29,5,3,3,20,12,10,5,62,28,19,42,24,73,82,12,0,15,2400,0,0,13,0,-6.223480732991902,40.186125211505924,46.666666666666664,82,안양 정관장,17,0,29,8,37,2,32,18,31,10,0,0,18,14,1,2,63,28,19,43,28,80,81,9,0,18,2400,0,0,8,0,6.223480732991902,38.26530612244898,50.0,88,서울 삼성
S45G01N79,2024-2025,20241212,away,15,1,23,10,33,2,34,14,41,11,3,3,13,11,3,3,78,28,20,43,28,78,91,6,0,12,2400,0,0,10,0,-27.209375954920574,38.75968992248062,47.22222222222222,71,대구 한국가스공사,24,5,36,9,45,7,46,29,25,9,2,2,15,11,6,2,73,40,16,35,15,100,88,7,0,14,2400,0,0,17,0,27.209375954920574,42.37288135593221,46.875,137,부산 KCC
S45G01N80,2024-2025,20241212,home,21,4,18,9,27,5,42,25,25,9,0,0,14,10,6,4,67,34,16,32,13,87,81,8,1,14,2400,1,0,14,0,7.963676367475571,43.658088235294116,56.25,100,울산 현대모비스,20,2,23,10,33,2,42,27,25,5,2,2,12,11,3,2,69,34,15,30,19,84,81,7,2,17,2400,0,1,10,0,-7.963676367475571,45.70383912248629,47.36842105263158,93,원주 DB
S45G01N81,2024-2025,20241213,away,18,0,18,15,33,5,38,16,34,7,0,0,25,20,6,8,72,23,19,39,25,73,97,12,0,12,2400,0,0,14,0,-14.74793174767322,28.794037940379404,33.333333333333336,75,고양 소노,17,3,28,7,35,4,32,22,22,7,1,1,19,15,5,2,55,30,19,43,27,82,74,7,1,21,2400,0,0,11,0,14.74793174767322,58.49220103986136,80.76923076923077,97,서울 삼성
S45G01N82,2024-2025,20241213,away,17,2,27,8,35,3,36,18,29,7,2,2,13,7,2,0,67,27,17,37,25,68,80,5,2,14,2400,0,0,4,0,-23.09682187730968,47.02970297029703,65.38461538461539,68,안양 정관장,16,3,29,10,39,2,45,26,22,5,0,0,14,12,1,0,67,31,18,40,31,79,81,9,1,9,2400,0,0,17,0,23.09682187730968,45.06269592476489,60.714285714285715,100,창원 LG
S45G01N83,2024-2025,20241214,away,16,2,19,6,25,4,37,24,30,12,0,0,5,4,3,0,67,36,15,33,12,88,72,6,0,11,2400,0,0,8,0,-2.709634128310995,75.0,75.0,98,부산 KCC,20,0,23,13,36,4,41,24,32,12,0,0,11,8,5,4,73,36,16,32,15,92,84,11,1,11,2400,0,0,13,0,2.709634128310995,35.714285714285715,35.714285714285715,111,원주 DB
S45G01N84,2024-2025,20241214,away,16,3,22,12,34,3,39,21,28,9,0,0,19,14,3,2,67,30,20,43,27,83,86,4,0,10,2400,0,0,6,0,-7.2912175699323,53.60205831903945,60.526315789473685,91,수원 KT,21,1,23,9,32,6,44,20,19,9,1,1,21,18,3,0,64,30,19,41,26,87,85,2,0,8,2400,1,0,13,0,7.2912175699323,62.90584415584416,81.25,104,대구 한국가스공사
S45G01N85,2024-2025,20241214,away,21,1,18,13,31,3,50,25,25,11,1,1,7,4,8,7,76,37,16,34,22,89,83,7,0,7,2400,0,0,7,0,-0.10081117414773644,44.80286738351254,50.0,103,서울 SK,25,5,19,8,27,5,33,20,31,13,1,1,11,9,9,2,65,34,15,30,17,90,76,6,1,12,2400,0,1,6,0,0.10081117414773644,62.203791469194314,67.85714285714286,112,울산 현대모비스
S45G01N86,2024-2025,20241215,away,12,3,22,5,27,7,41,15,18,4,1,1,10,8,2,2,60,20,13,27,17,52,70,5,0,11,2400,0,0,6,0,-30.89287552764337,31.48614609571788,34.61538461538461,53,부산 KCC,15,1,30,11,41,3,38,21,30,9,1,1,6,3,3,3,69,31,17,36,28,74,75,10,1,10,2400,0,0,12,0,30.89287552764337,38.095238095238095,38.095238095238095,92,창원 LG
S45G01N87,2024-2025,20241215,home,21,5,26,5,31,2,24,14,22,9,3,3,21,18,4,2,49,26,18,36,19,79,70,1,0,17,2400,0,0,5,0,3.2278287169081636,54.166666666666664,54.166666666666664,96,안양 정관장,17,2,17,16,33,3,42,19,34,10,0,0,10,10,4,2,76,29,19,39,28,78,86,12,3,7,2400,1,0,10,0,-3.2278287169081636,27.77777777777778,27.77777777777778,88,고양 소노
S45G01N88,2024-2025,20241215,away,22,5,24,9,33,2,37,22,28,7,0,0,25,19,6,0,65,29,20,43,17,84,90,2,0,7,2400,0,0,7,0,-1.129529738180068,35.7653791130186,43.333333333333336,99,서울 SK,13,1,24,7,31,6,43,25,20,4,0,0,29,26,3,1,63,29,20,43,27,88,92,5,1,8,2400,0,0,7,0,1.129529738180068,48.7012987012987,62.5,98,서울 삼성
S45G01N89,2024-2025,20241216,home,18,1,31,10,41,3,32,17,25,9,1,1,18,9,4,2,58,27,15,31,15,72,76,6,1,14,2400,0,0,8,0,8.904132822264373,36.496350364963504,53.84615384615385,86,원주 DB,16,1,21,18,39,2,41,12,33,12,0,0,14,6,3,4,74,24,17,36,18,66,88,7,1,8,2400,0,0,13,0,-8.904132822264373,29.82646420824295,29.41176470588235,64,수원 KT
S45G01N90,2024-2025,20241217,home,22,3,23,20,43,4,51,27,26,9,0,0,16,9,3,0,77,36,18,38,32,90,93,7,0,8,2400,0,0,10,0,23.651276417152758,40.7088122605364,47.22222222222222,113,창원 LG,16,1,22,10,32,4,44,18,19,8,4,3,16,10,5,6,67,29,18,36,30,76,83,7,1,11,2400,0,0,4,0,-23.651276417152758,50.505050505050505,61.111111111111114,80,서울 삼성
S45G01N91,2024-2025,20241218,home,17,5,33,10,43,1,39,18,25,9,0,0,15,12,3,0,64,27,18,40,25,75,79,6,1,12,2400,0,0,3,0,21.936537088052248,41.1764705882353,41.1764705882353,94,고양 소노,12,2,25,9,34,2,35,15,28,6,1,1,12,8,5,4,64,22,19,42,30,58,76,6,1,11,2400,0,0,7,0,-21.936537088052248,45.955882352941174,50.0,56,수원 KT
S45G01N92,2024-2025,20241219,home,22,1,29,9,38,5,42,21,24,8,1,1,19,13,2,0,67,30,16,32,20,81,86,5,0,9,2400,0,0,7,0,4.673040514328733,43.016194331983804,50.0,100,울산 현대모비스,17,1,24,3,27,5,37,21,28,10,0,0,11,7,1,0,65,31,20,40,25,79,76,3,1,10,2400,0,0,4,0,-4.673040514328733,43.99585921325052,50.0,83,서울 삼성
S45G01N93,2024-2025,20241219,home,16,3,28,13,41,4,35,12,32,15,0,0,8,5,1,0,67,27,14,28,19,74,75,7,0,12,2400,0,0,8,0,24.453394706559266,47.53914988814318,53.333333333333336,90,원주 DB,14,2,27,10,37,3,36,15,27,5,3,3,8,6,7,0,66,23,14,28,21,57,74,5,2,10,2400,0,0,6,0,-24.453394706559266,33.52490421455939,33.333333333333336,61,안양 정관장
S45G01N94,2024-2025,20241220,home,21,1,32,7,39,3,39,22,20,10,0,0,14,12,4,3,59,32,18,38,19,86,73,4,0,15,2400,1,0,4,0,16.236225781898924,44.169611307420496,53.57142857142857,110,창원 LG,22,3,14,2,16,5,41,23,21,6,0,0,16,10,3,3,62,29,17,34,23,74,78,12,0,6,2400,0,1,6,0,-16.236225781898924,25.380710659898476,30.0,87,부산 KCC
S45G01N95,2024-2025,20241220,home,17,3,33,7,40,4,30,18,27,11,0,0,25,19,4,0,57,29,18,38,21,88,82,4,3,22,2700,0,1,5,0,3.0547477265383236,34.24657534246575,50.0,97,수원 KT,18,1,18,8,26,3,42,19,36,13,2,2,8,5,3,4,80,34,19,43,29,86,88,11,0,8,2700,0,1,21,0,-3.0547477265383236,50.0,50.0,88,대구 한국가스공사
S45G01N96,2024-2025,20241221,home,25,1,31,13,44,6,38,24,28,7,0,0,15,12,5,2,66,31,18,37,25,81,81,8,0,13,2400,0,0,9,0,29.315663252115158,44.73684210526316,44.73684210526316,114,고양 소노,8,3,25,6,31,1,28,11,36,10,0,0,14,9,2,4,64,21,18,39,23,61,78,7,1,10,2400,0,0,7,0,-29.315663252115158,47.05882352941177,47.05882352941177,52,서울 삼성
S45G01N97,2024-2025,20241221,away,20,4,20,8,28,3,38,14,26,12,1,1,9,7,2,2,65,27,18,37,27,73,74,6,1,9,2400,0,0,7,0,-11.478967868178387,22.371364653243848,26.666666666666668,84,안양 정관장,16,3,25,18,43,2,45,24,23,5,0,0,17,14,7,8,68,29,18,36,19,77,85,6,1,9,2400,0,0,9,0,11.478967868178387,35.1493848857645,41.1764705882353,95,서울 SK
S45G01N98,2024-2025,20241221,home,18,1,27,16,43,5,47,26,26,11,2,2,11,6,3,0,75,39,18,36,16,95,86,4,1,14,2400,0,0,9,0,30.721020052842263,47.04301075268817,58.333333333333336,110,원주 DB,17,4,21,10,31,6,48,22,23,7,1,1,11,5,5,2,72,30,19,40,16,72,83,8,0,12,2400,0,0,13,0,-30.721020052842263,54.844606946983546,63.1578947368421,78,울산 현대모비스
S45G01N99,2024-2025,20241222,away,16,1,24,2,26,0,34,13,23,12,0,0,10,9,2,2,57,25,14,30,15,71,67,2,0,11,2400,0,0,2,0,-34.85002162079667,107.6923076923077,107.6923076923077,72,부산 KCC,21,2,28,7,35,3,31,20,34,14,1,0,17,15,3,2,66,34,18,37,22,97,83,5,2,5,2400,0,0,9,0,34.85002162079667,58.630393996247655,64.70588235294117,122,대구 한국가스공사
S45G01N100,2024-2025,20241222,away,13,1,27,8,35,3,40,17,14,4,1,1,17,12,2,1,55,22,17,35,11,60,72,5,1,16,2400,0,0,5,0,-15.569991909369037,28.81844380403458,31.818181818181817,62,안양 정관장,20,2,21,15,36,5,43,20,28,8,0,0,8,5,2,0,71,28,18,39,22,69,79,10,0,9,2400,0,1,11,0,15.569991909369037,40.625,40.625,87,창원 LG
S45G01N101,2024-2025,20241222,away,18,4,27,10,37,2,40,22,21,7,2,2,17,8,8,6,63,31,16,33,15,77,80,6,1,14,2400,1,0,10,0,-4.674172089776221,43.10344827586207,47.22222222222222,88,원주 DB,16,1,25,11,36,2,44,19,28,13,0,0,9,4,1,0,72,32,19,39,16,81,81,6,1,10,2400,0,0,12,0,4.674172089776221,47.36842105263158,47.36842105263158,86,수원 KT
S45G01N102,2024-2025,20241224,home,19,3,24,17,41,3,46,23,25,10,3,3,16,9,7,4,74,36,18,36,30,91,90,5,0,11,2400,0,0,16,0,16.0906631889098,52.87648054145516,76.66666666666667,106,수원 KT,22,1,22,13,35,4,48,24,22,6,1,1,14,10,6,2,71,31,18,36,26,78,85,7,1,10,2400,1,0,8,0,-16.0906631889098,56.584362139917694,58.333333333333336,92,울산 현대모비스
S45G01N103,2024-2025,20241225,home,23,2,29,10,39,1,39,22,37,13,2,2,8,7,6,6,78,37,16,32,14,94,86,10,0,6,2400,1,0,21,0,33.40373277013785,55.26315789473684,55.26315789473684,121,부산 KCC,18,3,30,8,38,2,38,19,27,7,1,1,10,7,8,6,66,27,13,26,19,68,76,4,2,15,2400,1,0,4,0,-33.40373277013785,50.46583850931677,55.0,74,안양 정관장
S45G01N104,2024-2025,20241225,home,20,6,23,4,27,9,45,25,27,9,1,1,13,8,7,7,73,35,19,38,22,87,86,10,1,9,2400,0,0,11,0,0.28424914945318847,27.454780361757106,33.333333333333336,106,고양 소노,21,5,26,18,44,3,39,19,34,11,1,0,14,10,4,4,74,30,16,35,14,81,88,4,1,16,2400,0,0,12,0,-0.28424914945318847,54.904831625183014,63.04347826086956,93,원주 DB
S45G01N105,2024-2025,20241225,home,13,1,31,6,37,4,35,16,28,7,1,1,11,8,4,2,64,24,16,33,20,63,75,5,0,9,2400,0,0,8,0,2.612631334268997,53.3175355450237,60.714285714285715,71,서울 SK,15,2,29,10,39,5,29,11,37,10,0,0,8,8,1,0,66,21,17,35,23,60,74,5,0,11,2400,0,0,2,0,-2.612631334268997,62.5,62.5,70,서울 삼성
S45G01N106,2024-2025,20241226,away,15,2,20,13,33,2,39,14,32,7,1,1,12,3,5,4,72,22,18,40,29,54,84,6,0,8,2400,0,0,12,0,-42.56426748565488,17.144638403990026,22.727272727272727,45,대구 한국가스공사,21,2,35,8,43,7,39,26,21,7,0,0,17,12,3,4,60,33,17,37,22,85,77,1,3,13,2400,0,0,2,0,42.56426748565488,54.74452554744525,60.0,111,창원 LG
S45G01N107,2024-2025,20241227,away,15,5,21,6,27,3,44,22,23,8,0,0,15,11,4,4,67,30,14,28,18,79,82,6,0,9,2400,0,2,8,0,-14.849950517458964,28.0040733197556,31.818181818181817,85,부산 KCC,22,2,30,24,54,3,56,26,30,11,4,3,8,4,5,0,90,40,17,38,26,95,98,5,1,11,2400,0,1,3,0,14.849950517458964,34.77588871715611,36.95652173913044,115,울산 현대모비스
S45G01N108,2024-2025,20241227,home,18,1,28,9,37,3,35,16,29,12,2,2,13,8,6,4,66,30,17,36,16,80,79,6,0,8,2400,1,0,10,0,8.373568593746043,30.991735537190085,35.294117647058826,96,원주 DB,20,1,27,12,39,1,32,15,34,11,1,1,15,10,4,2,67,27,14,29,20,75,82,4,0,10,2400,0,0,5,0,-8.373568593746043,42.37288135593221,50.0,85,서울 SK
S45G01N109,2024-2025,20241228,home,22,3,21,9,30,4,44,24,23,6,0,0,14,8,5,4,67,30,17,36,23,74,81,8,0,5,2400,0,0,14,0,6.27078867587808,38.52080123266564,53.84615384615385,93,창원 LG,15,2,27,9,36,6,35,20,28,7,0,0,17,11,3,4,63,27,17,37,21,72,80,2,0,10,2400,0,0,5,0,-6.27078867587808,39.645522388059696,40.0,81,수원 KT
S45G01N110,2024-2025,20241228,home,12,4,22,9,31,7,36,18,28,8,0,0,23,16,1,0,64,26,20,41,18,76,87,7,1,10,2400,0,0,12,0,3.4733861937958466,33.91472868217054,41.666666666666664,81,대구 한국가스공사,16,2,28,14,42,4,33,18,32,6,5,5,13,9,4,4,70,29,19,44,29,73,83,7,0,13,2400,1,0,7,0,-3.4733861937958466,58.24372759856631,63.888888888888886,86,고양 소노
S45G01N111,2024-2025,20241228,away,17,5,23,11,34,4,36,19,32,7,2,2,18,15,5,6,70,28,17,34,17,78,88,4,0,12,2400,0,0,7,0,-28.847044912239667,35.594639865996655,35.714285714285715,85,안양 정관장,23,2,25,11,36,6,40,23,38,16,2,2,3,2,5,4,80,41,19,40,28,100,83,8,0,8,2400,1,0,19,0,28.847044912239667,46.875,46.875,127,서울 삼성
S45G01N112,2024-2025,20241229,home,26,0,27,8,35,7,40,24,31,13,0,0,8,7,4,2,71,37,18,37,20,94,79,9,2,8,2400,1,0,12,0,43.359176433367836,54.52342487883683,63.1578947368421,126,창원 LG,10,3,23,13,36,0,34,18,31,5,0,0,17,9,1,2,65,23,16,32,18,60,82,4,1,13,2400,0,0,6,0,-43.359176433367836,28.90173410404624,36.666666666666664,49,원주 DB
S45G01N113,2024-2025,20241229,home,17,1,28,13,41,5,41,16,25,12,1,1,20,14,2,2,67,29,19,41,21,84,87,4,0,8,2400,1,0,0,0,22.655529114661746,39.0625,40.625,100,울산 현대모비스,13,1,23,8,31,4,35,17,29,6,1,1,20,13,2,1,65,24,20,42,34,67,85,5,0,4,2400,0,0,7,0,-22.655529114661746,16.762452107279696,13.88888888888889,69,고양 소노
S45G01N114,2024-2025,20241229,away,17,4,25,11,36,2,48,21,33,8,2,2,23,16,9,5,83,31,16,34,17,86,106,12,0,11,2700,0,1,13,0,-9.600168755675071,31.25,31.25,87,부산 KCC,29,2,44,8,52,2,52,30,21,8,1,1,14,10,15,3,74,39,20,42,30,96,88,9,1,22,2700,0,0,12,0,9.600168755675071,56.306306306306304,72.22222222222223,128,서울 SK
S45G01N115,2024-2025,20241231,home,28,6,26,6,32,7,41,28,21,6,4,4,10,6,7,0,66,38,16,32,19,88,76,4,0,11,2400,0,0,9,0,1.326259946949591,52.98651252408477,66.66666666666667,122,울산 현대모비스,15,3,17,11,28,3,33,18,38,13,2,1,5,4,3,4,73,32,19,39,22,81,78,6,0,6,2400,1,0,15,0,-1.326259946949591,57.89473684210526,57.89473684210526,88,대구 한국가스공사
S45G01N116,2024-2025,20250101,home,22,1,20,9,29,4,42,23,26,9,3,3,11,7,4,4,71,35,17,35,22,86,82,10,0,9,2400,0,0,12,0,22.778287585580244,69.95133819951337,73.33333333333333,103,수원 KT,17,2,27,7,34,3,29,17,29,7,0,0,16,13,2,0,58,24,16,32,15,68,74,8,3,17,2400,1,0,5,0,-22.778287585580244,23.333333333333332,23.333333333333332,75,부산 KCC
S45G01N117,2024-2025,20250101,away,19,3,19,10,29,5,36,21,27,9,0,0,7,5,0,0,63,30,19,38,26,74,70,5,1,12,2400,0,0,6,0,-3.8774472412916197,29.70749542961609,34.21052631578947,87,창원 LG,18,1,20,12,32,3,47,29,20,3,2,2,10,6,7,3,69,34,14,28,25,77,79,7,0,7,2400,1,0,8,0,3.8774472412916197,38.209606986899566,50.0,92,서울 SK
S45G01N118,2024-2025,20250101,away,11,6,26,12,38,8,42,15,22,6,1,0,15,11,3,5,65,21,18,39,23,59,80,6,0,16,2400,0,0,7,0,-6.703434669536364,21.83406113537118,21.428571428571427,64,안양 정관장,17,4,26,13,39,4,44,15,23,7,0,0,14,11,3,0,67,22,19,40,28,62,81,8,2,13,2400,0,0,7,0,6.703434669536364,28.125,28.125,71,고양 소노
S45G01N119,2024-2025,20250102,away,23,2,34,13,47,5,47,20,24,8,1,1,19,13,3,0,72,29,17,37,26,79,91,8,1,16,2400,0,0,4,0,-4.240227285684426,31.58244680851064,35.0,98,서울 삼성,24,5,27,8,35,5,35,16,34,11,1,1,20,13,7,1,70,28,19,42,17,80,90,9,0,10,2400,0,1,8,0,4.240227285684426,48.7012987012987,59.375,99,원주 DB
S45G01N120,2024-2025,20250103,home,18,1,28,18,46,4,40,20,30,10,1,1,12,8,4,1,71,31,18,37,23,80,83,2,0,10,2400,0,0,5,0,24.518408989992835,62.11180124223603,73.33333333333333,97,수원 KT,14,2,23,9,32,3,37,14,28,10,1,1,7,4,2,0,66,25,19,39,19,64,73,7,1,9,2400,0,0,6,0,-24.518408989992835,27.77777777777778,27.77777777777778,68,안양 정관장
S45G01N121,2024-2025,20250103,home,16,5,23,8,31,6,35,20,25,10,1,1,9,6,5,4,61,31,14,28,20,78,70,3,1,11,2400,0,0,4,0,8.325707550885113,35.480349344978166,42.857142857142854,94,서울 SK,18,1,19,10,29,2,38,18,28,10,1,1,4,2,3,2,67,29,16,32,27,70,71,8,0,7,2400,0,0,8,0,-8.325707550885113,56.666666666666664,56.666666666666664,81,고양 소노
S45G01N122,2024-2025,20250104,home,21,1,34,19,53,6,44,20,22,7,5,3,22,18,4,2,71,30,17,34,16,85,93,4,1,11,2400,0,0,5,0,29.757557671341957,29.940119760479043,31.57894736842105,113,울산 현대모비스,15,2,18,6,24,4,32,12,37,10,0,0,10,10,0,0,69,22,19,45,35,64,79,3,0,6,2400,0,0,3,0,-29.757557671341957,29.904306220095695,26.666666666666668,59,창원 LG
S45G01N123,2024-2025,20250104,away,15,1,18,5,23,2,31,19,24,5,3,3,25,18,5,6,58,27,18,37,32,77,83,6,0,14,2400,1,0,8,0,-40.442207532051285,39.98316498316498,44.44444444444444,72,서울 삼성,28,0,25,12,37,5,37,22,37,16,3,3,18,16,6,3,77,41,19,43,25,114,95,12,0,9,2400,0,0,13,0,40.442207532051285,44.52054794520548,50.0,149,대구 한국가스공사
S45G01N124,2024-2025,20250104,away,18,2,20,7,27,2,40,25,24,8,2,2,8,8,1,0,66,35,18,36,17,86,74,7,0,11,2400,0,0,10,0,-4.370862835031957,57.89473684210526,57.89473684210526,100,부산 KCC,20,0,20,11,31,3,33,21,32,12,2,2,8,6,5,0,67,35,18,36,16,88,75,5,2,13,2400,0,2,13,0,4.370862835031957,64.30041152263374,66.66666666666667,98,원주 DB
S45G01N125,2024-2025,20250105,home,24,1,24,12,36,2,45,17,22,8,0,0,15,9,2,0,67,25,18,38,26,67,82,4,0,5,2400,0,0,5,0,2.741273383475246,33.840947546531304,40.0,81,창원 LG,14,4,30,9,39,1,41,21,19,5,0,0,10,7,1,0,60,26,19,39,34,64,70,3,0,10,2400,0,0,0,0,-2.741273383475246,58.63539445628997,76.92307692307692,78,고양 소노
S45G01N126,2024-2025,20250105,home,13,3,22,16,38,7,38,16,32,7,2,2,19,10,9,4,72,25,18,37,24,67,91,6,1,7,2400,0,0,10,0,7.777504676769638,45.04504504504504,56.666666666666664,70,서울 SK,17,1,30,9,39,7,38,16,27,6,0,0,14,13,2,1,65,22,19,39,27,63,79,5,1,11,2400,0,0,3,0,-7.777504676769638,39.72457627118644,40.625,76,수원 KT
S45G01N127,2024-2025,20250105,away,20,2,22,7,29,2,48,21,20,7,2,2,13,10,8,4,70,30,19,40,20,77,83,7,1,8,2400,0,0,10,0,-10.74614760746148,40.19292604501608,40.90909090909091,85,안양 정관장,24,3,28,7,35,2,33,23,26,8,2,2,15,10,5,0,61,33,18,36,24,84,76,3,3,15,2400,0,0,7,0,10.74614760746148,47.92944785276074,62.5,100,대구 한국가스공사
S45G01N128,2024-2025,20250106,home,25,2,35,5,40,1,37,20,26,10,7,6,8,4,10,12,70,36,17,38,27,86,78,6,0,11,2400,0,0,9,0,17.696632053628292,61.76470588235294,61.76470588235294,111,서울 삼성,20,1,31,8,39,1,52,27,21,2,0,0,15,12,5,0,73,29,17,34,23,72,88,9,0,8,2400,0,0,8,0,-17.696632053628292,39.98316498316498,41.666666666666664,87,부산 KCC
S45G01N129,2024-2025,20250107,home,10,2,28,7,35,5,39,17,19,6,0,0,17,11,2,2,58,23,19,39,22,63,75,6,0,11,2400,0,0,2,0,12.05722292827582,31.146179401993358,32.142857142857146,69,서울 SK,14,2,26,9,35,4,22,8,37,11,0,0,9,6,1,0,59,19,19,41,31,55,68,8,0,16,2400,0,0,6,0,-12.05722292827582,34.64818763326226,38.46153846153846,59,대구 한국가스공사
S45G01N130,2024-2025,20250108,home,23,3,24,10,34,4,46,28,17,5,3,3,17,15,3,2,66,36,19,38,20,92,83,7,1,17,2400,0,1,14,0,18.352001649128155,32.16911764705882,31.25,113,울산 현대모비스,22,2,17,8,25,5,35,19,23,6,3,3,21,15,8,5,61,28,20,41,19,77,82,12,1,18,2400,0,0,10,0,-18.352001649128155,27.726432532347506,34.61538461538461,85,안양 정관장
S45G01N131,2024-2025,20250109,home,20,2,29,7,36,2,41,26,22,7,1,1,22,17,4,2,64,34,17,34,24,92,86,6,0,7,2400,0,0,4,0,9.196559767362984,50.872093023255815,75.0,116,서울 삼성,23,0,23,7,30,3,44,27,27,10,1,1,7,2,2,0,72,38,19,41,24,88,79,5,0,8,2400,0,0,9,0,-9.196559767362984,57.4712643678161,63.888888888888886,102,창원 LG
S45G01N132,2024-2025,20250109,away,16,3,20,8,28,1,31,16,29,10,0,0,14,6,2,1,60,26,15,30,31,68,74,4,1,11,2400,1,0,4,0,-40.31769943642648,35.29900332225914,50.0,66,고양 소노,23,0,23,5,28,3,35,19,26,16,0,0,7,7,2,0,61,35,16,35,15,93,68,7,0,8,2400,1,0,17,0,40.31769943642648,46.42857142857143,46.42857142857143,120,부산 KCC
S45G01N133,2024-2025,20250110,home,16,4,29,14,43,4,48,22,26,8,0,0,9,8,4,4,74,30,16,33,21,76,83,6,0,11,2400,0,0,6,0,4.702323743934173,40.48582995951417,42.857142857142854,93,서울 SK,18,5,27,10,37,1,39,14,27,12,0,0,10,6,2,2,66,26,17,36,10,70,76,6,1,12,2400,0,1,10,0,-4.702323743934173,27.356902356902356,30.555555555555557,80,울산 현대모비스
S45G01N134,2024-2025,20250110,home,16,3,32,7,39,6,35,18,29,12,2,2,13,8,4,0,66,32,18,37,30,84,79,6,0,13,2400,1,0,4,0,28.3208739881605,50.872093023255815,75.0,102,대구 한국가스공사,12,1,27,11,38,2,40,19,29,4,0,0,17,11,6,3,69,23,17,37,23,61,86,10,0,11,2400,0,0,9,0,-28.3208739881605,30.43831168831169,34.375,61,원주 DB
S45G01N135,2024-2025,20250111,away,21,1,25,9,34,3,40,19,25,6,1,0,14,7,7,0,66,25,15,30,31,63,80,13,0,17,2400,0,0,17,0,-21.151431153039184,33.222591362126245,42.857142857142854,70,수원 KT,19,5,31,5,36,2,39,20,24,10,2,2,5,4,4,2,65,32,17,35,29,78,70,11,0,16,2400,0,1,12,0,21.151431153039184,63.333333333333336,63.333333333333336,101,서울 삼성
S45G01N136,2024-2025,20250111,away,17,4,21,13,34,4,40,19,34,10,0,0,14,14,2,2,74,29,18,36,15,82,88,9,1,12,2400,0,0,15,0,-8.508262723139367,46.06365159128978,47.61904761904762,92,안양 정관장,18,4,24,6,30,4,44,25,17,8,1,1,13,10,2,0,62,34,19,41,25,86,75,7,0,15,2400,0,0,7,0,8.508262723139367,42.098445595854926,42.857142857142854,103,창원 LG
S45G01N137,2024-2025,20250111,away,20,1,20,12,32,1,31,18,30,10,1,1,7,2,4,2,62,29,19,42,35,70,69,6,0,13,2400,0,0,6,0,-5.552219334665523,51.81347150259067,57.142857142857146,79,고양 소노,10,1,19,10,29,5,39,20,15,4,3,3,17,15,5,4,57,27,18,36,18,73,74,8,2,11,2400,0,0,12,0,5.552219334665523,32.5278810408922,40.0,81,부산 KCC
S45G01N138,2024-2025,20250112,away,18,8,29,10,39,0,33,13,30,8,2,2,20,15,4,2,65,23,16,33,19,69,85,8,0,20,2400,0,0,9,0,-25.90614621683747,28.90173410404624,33.333333333333336,75,원주 DB,18,4,32,17,49,1,65,30,14,3,8,8,11,9,12,14,87,41,19,41,19,94,98,17,1,12,2400,0,0,18,0,25.90614621683747,50.0,50.0,122,울산 현대모비스
S45G01N139,2024-2025,20250112,home,15,2,29,6,35,4,41,20,22,8,0,0,12,10,3,0,63,28,18,39,12,74,75,3,0,12,2400,0,0,8,0,12.018445416303337,52.55941499085923,55.26315789473684,84,안양 정관장,17,5,26,19,45,5,40,17,36,5,3,3,17,12,3,2,79,25,18,38,19,67,96,6,2,9,2400,1,0,11,0,-12.018445416303337,28.026905829596412,28.571428571428573,75,대구 한국가스공사
S45G01N140,2024-2025,20250112,away,15,2,21,11,32,3,27,10,37,10,2,1,8,5,3,2,66,21,17,34,22,57,74,6,1,14,2400,0,0,8,0,-42.229531379621804,35.714285714285715,35.714285714285715,52,고양 소노,18,5,28,7,35,4,33,17,26,12,4,4,8,6,8,6,63,33,12,24,20,84,71,10,1,10,2400,1,0,12,0,42.229531379621804,50.63965884861407,61.53846153846154,113,서울 SK
S45G01N141,2024-2025,20250113,away,12,4,17,10,27,5,42,19,19,7,0,0,13,10,2,2,61,26,15,30,20,69,74,5,0,15,2400,0,0,8,0,-13.608144713171114,53.29457364341085,70.83333333333333,69,부산 KCC,22,1,25,5,30,2,35,21,25,10,3,3,4,3,4,2,63,34,17,38,34,81,67,7,1,14,2400,0,1,12,0,13.608144713171114,42.098445595854926,42.857142857142854,98,서울 삼성
S45G01N142,2024-2025,20250113,away,21,1,21,12,33,5,40,20,21,6,2,2,14,8,2,0,63,28,14,28,20,70,77,4,0,8,2400,0,0,7,0,-4.384056746695492,52.083333333333336,58.333333333333336,85,수원 KT,21,2,24,10,34,4,44,19,28,12,0,0,4,4,2,2,72,31,17,35,16,78,76,5,1,6,2400,0,0,7,0,4.384056746695492,52.94117647058823,52.94117647058823,96,창원 LG
S45G01N143,2024-2025,20250114,home,18,6,27,7,34,1,34,19,30,11,0,0,13,9,7,6,64,30,16,32,18,80,77,8,2,10,2400,1,0,11,0,21.28448753017264,28.558875219683653,29.41176470588235,97,원주 DB,15,1,27,18,45,2,41,15,33,10,2,2,6,4,2,0,76,27,19,41,27,68,82,3,3,16,2400,0,0,11,0,-21.28448753017264,36.8421052631579,36.8421052631579,64,대구 한국가스공사
S45G01N144,2024-2025,20250114,home,23,0,27,13,40,3,36,19,32,12,2,2,6,6,6,4,70,33,16,32,19,84,76,6,1,10,2400,0,0,14,0,25.63134635773153,73.33333333333333,73.33333333333333,108,서울 SK,15,3,22,11,33,3,36,16,33,10,2,2,6,3,4,4,71,28,14,28,15,69,77,5,0,10,2400,0,0,7,0,-25.63134635773153,52.77777777777778,52.77777777777778,72,안양 정관장
S45G01N145,2024-2025,20250115,home,21,5,26,10,36,12,43,20,26,9,1,1,16,15,2,0,70,30,19,40,27,84,86,5,0,7,2400,0,0,7,0,8.51063646556905,72.70168855534709,82.3529411764706,115,창원 LG,19,4,28,7,35,1,32,14,37,15,0,0,12,6,2,0,69,29,20,42,37,79,81,3,0,8,2400,0,0,13,0,-8.51063646556905,37.698412698412696,47.22222222222222,87,서울 삼성
S45G01N146,2024-2025,20250115,home,15,3,22,9,31,3,47,26,20,7,1,0,18,11,7,8,68,33,19,41,26,84,86,13,0,14,2400,0,0,15,0,3.707365299060811,39.97093023255814,50.0,93,고양 소노,16,2,22,7,29,6,42,24,19,5,2,2,18,14,5,1,63,31,18,40,22,81,81,12,0,17,2400,0,2,10,0,-3.707365299060811,63.55932203389831,71.875,93,울산 현대모비스
S45G01N147,2024-2025,20250116,home,18,5,30,10,40,4,40,22,28,8,1,1,6,4,11,11,69,31,17,34,15,74,75,5,0,8,2400,0,0,2,0,18.51778911104688,52.816901408450704,58.8235294117647,98,서울 SK,16,2,26,17,43,8,38,14,40,10,1,1,7,5,4,6,79,25,15,30,16,65,86,2,0,9,2400,0,0,5,0,-18.51778911104688,70.0,70.0,71,원주 DB
S45G01N148,2024-2025,20250116,home,19,2,19,11,30,6,34,18,30,9,1,0,16,13,3,0,65,27,18,36,20,76,81,8,1,10,2400,0,0,10,0,2.3439729322082172,47.89272030651341,50.0,89,대구 한국가스공사,19,2,25,10,35,1,38,19,23,7,2,2,13,11,8,3,63,28,19,39,21,74,76,6,1,12,2400,1,0,14,0,-2.3439729322082172,51.85589519650655,57.142857142857146,87,수원 KT
S45G01N149,2024-2025,20250122,home,22,2,24,5,29,7,30,14,32,13,2,2,7,3,5,2,64,29,15,31,22,74,71,5,0,12,2400,0,0,10,0,14.049430720661206,34.62603878116344,34.61538461538461,88,수원 KT,14,2,24,11,35,6,40,19,27,6,0,0,13,9,4,4,67,25,16,34,24,65,80,9,1,14,2400,1,2,8,1,-14.049430720661206,30.660377358490567,35.714285714285715,70,서울 삼성
S45G01N150,2024-2025,20250122,away,19,4,21,21,42,4,40,17,35,10,1,1,15,9,7,2,76,28,19,40,19,75,91,10,0,12,2400,0,0,11,0,-9.329513553044421,36.17363344051447,40.90909090909091,88,안양 정관장,24,4,27,22,49,2,43,19,30,11,1,1,13,9,4,0,74,31,17,34,13,82,87,8,0,16,2400,0,0,7,0,9.329513553044421,32.69617706237425,32.35294117647059,106,원주 DB
S45G01N151,2024-2025,20250123,away,21,1,28,18,46,4,43,19,26,8,2,2,7,5,2,0,71,29,17,36,17,71,78,1,0,17,2400,0,1,4,0,-20.945228391306145,50.30181086519115,55.88235294117647,83,울산 현대모비스,19,4,20,10,30,1,52,26,20,8,0,0,12,7,9,8,72,34,17,34,20,83,84,11,0,3,2400,0,0,20,0,20.945228391306145,58.8235294117647,58.8235294117647,102,서울 SK
S45G01N152,2024-2025,20250123,home,16,2,28,8,36,6,42,17,23,7,2,2,9,8,2,0,67,26,16,33,33,67,76,5,1,14,2400,1,0,16,0,6.954852885085458,38.994800693240904,46.15384615384615,75,창원 LG,15,3,27,11,38,7,51,23,18,4,0,0,10,4,2,2,69,27,16,32,27,62,79,8,4,15,2400,0,0,6,0,-6.954852885085458,38.50710900473934,42.857142857142854,66,고양 소노
S45G01N153,2024-2025,20250124,away,18,0,22,12,34,1,40,21,30,7,1,1,12,7,3,2,71,29,16,32,26,72,83,8,0,16,2400,0,0,12,0,-25.985543136336247,50.0,50.0,70,수원 KT,15,2,28,13,41,3,50,28,21,10,2,1,10,5,4,2,73,39,16,33,22,93,83,11,0,16,2400,0,0,24,0,25.985543136336247,52.44755244755245,55.0,110,안양 정관장
S45G01N154,2024-2025,20250124,home,23,1,23,11,34,2,39,22,31,13,2,2,15,12,6,6,72,37,17,34,14,99,87,8,0,5,2400,1,0,10,0,12.106478070821694,50.317796610169495,56.25,124,원주 DB,27,1,22,8,30,3,29,19,36,13,1,1,16,13,2,0,66,33,18,37,32,92,82,3,0,9,2400,1,0,5,0,-12.106478070821694,53.3175355450237,57.142857142857146,111,서울 삼성
S45G01N155,2024-2025,20250125,home,29,4,27,2,29,2,40,21,20,12,5,5,2,1,9,4,65,38,15,30,19,89,67,12,0,12,2400,1,0,14,0,24.93540474509048,69.23076923076923,69.23076923076923,125,부산 KCC,23,2,21,21,42,5,39,19,39,9,2,2,9,3,9,0,80,30,14,28,21,72,89,11,0,15,2400,0,0,10,0,-24.93540474509048,39.98316498316498,50.0,84,서울 SK
S45G01N156,2024-2025,20250125,home,21,2,19,15,34,6,44,18,16,8,4,4,8,3,4,4,64,30,20,42,24,71,72,9,1,18,2400,0,0,11,0,4.959937248649695,35.714285714285715,35.714285714285715,85,창원 LG,21,2,19,14,33,3,39,22,24,4,1,1,16,10,3,0,64,27,16,32,20,68,80,7,1,14,2400,1,0,12,0,-4.959937248649695,25.380710659898476,30.0,76,울산 현대모비스
S45G01N157,2024-2025,20250125,away,14,1,33,11,44,0,35,11,23,5,3,3,17,13,7,6,61,19,18,42,23,56,78,6,3,22,2400,0,0,2,0,-24.542023150478116,43.10344827586207,44.44444444444444,50,고양 소노,19,8,31,7,38,2,36,21,28,5,1,0,25,19,8,8,65,26,20,43,24,76,90,15,1,11,2400,0,0,14,0,24.542023150478116,25.038520801232664,23.076923076923077,101,대구 한국가스공사
S45G01N158,2024-2025,20250126,away,18,8,29,9,38,2,40,20,20,7,1,0,16,11,3,3,61,27,20,43,24,72,77,6,1,19,2400,2,1,11,1,-0.6852832430779046,61.52125279642058,70.0,85,울산 현대모비스,16,1,22,15,37,5,55,24,19,5,2,2,18,11,11,8,76,31,17,35,22,78,94,15,2,15,2400,0,0,18,0,0.6852832430779046,38.793103448275865,43.75,83,수원 KT
S45G01N159,2024-2025,20250126,away,17,0,30,8,38,1,33,13,29,12,2,1,14,10,2,0,64,26,20,44,32,74,78,6,0,17,2400,0,0,5,0,-13.787499690720253,30.76062639821029,33.333333333333336,77,서울 삼성,15,2,25,13,38,5,43,24,30,8,1,1,21,11,4,2,74,33,19,38,19,85,95,13,0,9,2400,0,0,10,0,13.787499690720253,33.91472868217054,47.22222222222222,98,안양 정관장
S45G01N160,2024-2025,20250126,home,29,1,20,5,25,4,34,20,32,17,1,1,3,3,4,2,67,38,17,35,12,96,70,8,0,11,2400,0,0,16,0,7.526856474089925,66.66666666666667,66.66666666666667,123,부산 KCC,17,2,18,11,29,1,34,21,30,12,1,1,8,7,6,5,65,34,15,30,13,87,73,10,1,14,2400,0,1,12,0,-7.526856474089925,46.42857142857143,46.42857142857143,99,원주 DB
S45G01N161,2024-2025,20250128,away,16,2,17,14,31,1,28,14,39,12,5,5,11,7,7,7,72,31,17,37,26,81,83,9,0,12,2400,0,0,10,0,-12.134353693709087,37.346221441124776,44.11764705882353,83,대구 한국가스공사,21,1,21,7,28,6,38,23,21,10,1,1,12,9,2,2,60,34,15,30,13,87,72,8,0,14,2400,1,0,6,0,12.134353693709087,64.28571428571429,64.28571428571429,108,부산 KCC
S45G01N162,2024-2025,20250128,away,19,2,20,13,33,2,38,14,29,9,5,4,9,6,3,2,72,27,19,41,33,69,81,2,0,16,2400,0,0,11,0,-32.57314460110068,29.82646420824295,32.35294117647059,63,고양 소노,20,0,30,5,35,5,37,24,26,10,1,1,19,14,4,2,64,35,16,32,19,94,83,9,0,11,2400,0,0,18,0,32.57314460110068,41.161178509532064,57.69230769230769,118,안양 정관장
S45G01N163,2024-2025,20250129,away,21,2,24,10,34,3,38,18,27,10,0,0,12,9,0,0,65,28,19,39,26,75,77,6,1,14,2400,0,0,12,0,-7.547178185304205,56.59448818897638,62.5,86,서울 삼성,22,1,21,15,36,4,48,25,22,5,0,0,20,14,8,7,70,30,18,36,17,79,90,12,0,9,2400,0,0,12,0,7.547178185304205,36.92762186115215,41.1764705882353,99,서울 SK
S45G01N164,2024-2025,20250129,away,17,4,24,10,34,2,32,17,32,9,0,0,14,8,6,2,64,26,18,36,17,69,78,7,2,13,2400,0,0,9,0,-9.305548507106593,32.69617706237425,35.294117647058826,74,원주 DB,17,2,23,11,34,3,46,22,18,7,1,1,8,4,4,0,65,30,17,34,19,71,73,6,1,11,2400,1,0,17,0,9.305548507106593,12.594458438287154,15.384615384615385,82,수원 KT
S45G01N165,2024-2025,20250130,home,15,3,27,8,35,3,41,22,21,6,0,0,13,7,1,0,62,28,17,36,18,69,75,6,0,9,2400,0,0,6,0,2.454234149595962,30.918727915194346,39.285714285714285,82,창원 LG,12,3,25,15,40,4,33,14,36,10,1,1,10,7,0,0,70,25,18,39,17,67,80,5,1,9,2400,1,0,6,0,-2.454234149595962,30.18108651911469,32.35294117647059,73,대구 한국가스공사
S45G01N166,2024-2025,20250130,home,25,4,27,8,35,3,46,30,23,8,3,3,11,7,10,6,72,41,15,30,16,97,83,6,0,9,2400,0,0,10,0,21.415419632449712,73.21041214750542,79.41176470588235,126,울산 현대모비스,17,2,17,5,22,5,37,19,27,10,3,3,8,6,3,4,67,32,15,30,16,80,75,6,1,12,2400,0,1,6,0,-21.415419632449712,63.07339449541284,65.625,82,부산 KCC
S45G01N167,2024-2025,20250131,home,21,1,24,18,42,2,32,16,35,10,2,1,18,14,5,0,69,27,19,40,22,78,87,5,0,14,2400,1,0,9,0,11.516747877538748,39.79739507959479,42.10526315789474,89,수원 KT,17,2,22,5,27,6,41,18,19,8,0,0,17,13,4,0,60,26,19,38,19,73,77,9,2,14,2400,1,1,13,1,-11.516747877538748,37.53753753753754,50.0,80,고양 소노
S45G01N168,2024-2025,20250201,away,17,1,24,12,36,2,43,18,23,5,2,2,7,6,4,4,68,25,17,36,26,61,75,7,0,12,2400,0,0,6,0,-19.79543440471994,28.125,28.125,68,원주 DB,18,4,28,8,36,2,43,26,24,6,0,0,9,6,5,6,67,32,18,36,24,76,76,8,1,9,2400,0,0,8,0,19.79543440471994,44.11764705882353,44.11764705882353,96,창원 LG
S45G01N169,2024-2025,20250201,away,22,1,22,7,29,1,32,18,30,9,1,1,12,10,4,0,63,28,17,36,23,75,75,5,0,7,2400,0,0,4,0,-2.2029901591567977,30.918727915194346,28.571428571428573,89,대구 한국가스공사,18,1,28,8,36,2,39,24,27,8,0,0,10,8,5,2,66,32,16,32,21,80,76,2,1,9,2400,1,0,8,0,2.2029901591567977,42.229729729729726,45.833333333333336,93,서울 SK
S45G01N170,2024-2025,20250201,home,17,2,21,18,39,4,48,23,29,9,0,0,14,12,2,0,77,32,18,38,20,85,91,6,1,9,2400,1,0,10,0,8.292071491508239,49.56896551724138,59.375,96,안양 정관장,18,3,25,15,40,3,40,20,25,7,2,2,19,13,1,0,67,29,17,38,19,78,86,3,0,13,2400,1,0,5,0,-8.292071491508239,37.960954446854664,38.23529411764706,88,울산 현대모비스
S45G01N171,2024-2025,20250202,away,22,4,26,11,37,1,30,18,28,10,1,1,22,16,3,0,59,29,18,38,18,84,81,5,2,16,2400,0,0,13,0,-9.434233782768004,58.70841487279843,60.526315789473685,99,부산 KCC,21,2,20,9,29,1,37,19,35,16,0,0,9,9,5,0,72,35,18,41,25,95,81,11,2,10,2400,0,0,14,0,9.434233782768004,52.77777777777778,52.77777777777778,110,수원 KT
S45G01N172,2024-2025,20250202,home,17,3,30,7,37,2,39,23,20,4,1,0,20,14,4,6,60,27,17,37,23,72,80,6,0,12,2400,1,0,12,0,7.857387466230364,47.84688995215311,63.333333333333336,86,대구 한국가스공사,19,1,24,11,35,3,34,14,32,9,1,1,18,12,4,0,67,24,19,39,32,69,85,7,3,13,2400,0,0,7,0,-7.857387466230364,33.52490421455939,33.333333333333336,69,서울 삼성
S45G01N173,2024-2025,20250202,home,21,1,28,7,35,3,30,16,35,14,1,1,15,10,2,0,66,31,18,38,23,86,81,10,0,13,2400,1,0,13,0,7.424708518476336,36.13945578231293,41.666666666666664,103,고양 소노,20,1,30,10,40,2,42,20,32,12,0,0,10,6,6,2,74,32,16,33,17,82,84,5,0,12,2400,1,1,7,1,-7.424708518476336,65.0,65.0,92,원주 DB
S45G01N174,2024-2025,20250203,home,17,2,26,12,38,4,46,21,22,8,3,3,11,6,5,4,71,32,17,35,15,78,82,8,0,10,2400,0,0,12,0,4.125682167249423,48.80694143167028,50.0,93,서울 SK,18,1,25,15,40,2,39,16,27,10,1,1,9,6,1,2,67,27,18,36,26,70,76,9,0,13,2400,0,2,4,0,-4.125682167249423,54.22993492407809,55.88235294117647,84,창원 LG
S45G01N175,2024-2025,20250204,away,17,2,25,14,39,4,52,23,22,7,0,0,22,19,2,0,74,30,15,31,17,86,96,9,0,14,2400,1,0,4,0,-10.750487552619447,42.08754208754208,44.44444444444444,96,부산 KCC,25,3,26,4,30,2,46,27,21,9,1,1,14,8,7,2,68,37,19,40,14,91,82,7,0,10,2400,0,0,24,0,10.750487552619447,55.928411633109626,66.66666666666667,111,안양 정관장
S45G01N176,2024-2025,20250205,away,19,3,24,7,31,3,33,18,19,8,0,0,10,8,6,0,52,26,16,32,29,68,62,10,0,24,2400,0,1,6,0,-10.684913875689077,37.262872628726285,38.888888888888886,82,서울 삼성,20,0,20,13,33,0,47,23,23,7,2,2,8,6,5,4,72,32,17,35,19,77,80,13,0,12,2400,0,0,23,0,10.684913875689077,30.364372469635626,32.142857142857146,89,울산 현대모비스
S45G01N177,2024-2025,20250206,home,26,0,19,14,33,2,45,22,23,12,1,1,10,8,4,0,69,35,18,41,17,90,79,10,2,17,2400,0,0,12,0,14.227769026167152,84.19689119170985,89.28571428571429,106,창원 LG,17,3,13,8,21,6,37,22,20,6,2,2,21,14,6,4,59,30,17,34,17,80,80,9,0,17,2400,0,0,22,0,-14.227769026167152,42.37288135593221,43.75,83,부산 KCC
S45G01N178,2024-2025,20250206,home,14,9,29,8,37,3,41,20,29,11,0,0,9,7,7,4,70,31,16,32,17,80,79,8,0,9,2400,0,0,11,0,7.987408977257587,47.66949152542373,50.0,101,서울 SK,20,0,29,12,41,4,38,17,34,11,1,1,9,6,6,0,73,29,16,32,17,75,82,6,1,11,2400,1,0,10,0,-7.987408977257587,44.80286738351254,52.77777777777778,87,수원 KT
S45G01N179,2024-2025,20250207,away,19,0,22,10,32,5,54,30,15,4,1,1,23,11,4,4,70,35,20,44,23,85,93,8,1,10,2400,0,0,14,0,-10.882755011335675,54.43886097152429,61.904761904761905,91,울산 현대모비스,24,0,29,5,34,3,36,24,28,9,1,1,19,17,5,4,65,34,20,45,27,94,84,7,1,12,2400,0,0,12,0,10.882755011335675,57.314410480349345,67.85714285714286,116,대구 한국가스공사
S45G01N180,2024-2025,20250207,home,19,2,39,11,50,4,32,12,28,9,3,3,30,20,3,0,63,24,20,44,37,77,93,6,1,15,2400,0,1,4,0,15.734745704545972,27.573529411764703,31.25,93,서울 삼성,13,2,26,13,39,5,33,13,40,9,1,0,17,10,2,2,74,22,20,45,22,63,91,8,0,10,2400,0,1,13,0,-15.734745704545972,18.463810930576074,20.58823529411765,61,고양 소노
S45G01N181,2024-2025,20250208,away,21,3,21,6,27,6,39,14,19,11,3,3,13,11,3,0,61,28,17,36,22,78,74,3,0,9,2400,0,0,7,0,-12.898428177101508,35.62176165803109,35.714285714285715,94,부산 KCC,23,0,24,12,36,2,43,20,26,12,1,1,8,5,4,6,70,33,18,39,24,83,78,7,1,5,2400,2,0,9,0,12.898428177101508,56.25,56.25,105,창원 LG
S45G01N182,2024-2025,20250208,home,20,7,29,11,40,3,41,19,30,11,0,0,17,14,7,5,71,30,17,34,22,85,88,10,0,14,2700,0,0,16,0,9.2050010457084,43.5126582278481,75.0,107,서울 SK,16,4,26,16,42,8,43,18,35,12,0,0,14,9,3,1,78,30,18,40,22,81,92,7,3,17,2700,0,0,8,0,-9.2050010457084,38.888888888888886,38.888888888888886,85,안양 정관장
S45G01N183,2024-2025,20250208,home,24,0,24,13,37,3,48,18,26,12,2,2,9,7,5,4,76,32,15,31,17,83,85,9,1,8,2400,0,0,12,0,4.758068404282994,29.13135593220339,28.125,101,수원 KT,22,5,28,15,43,3,39,21,29,9,0,0,13,7,5,0,68,30,14,28,16,76,81,4,0,13,2400,1,0,9,0,-4.758068404282994,34.44881889763779,43.75,96,원주 DB
S45G01N184,2024-2025,20250209,away,16,1,19,9,28,7,40,18,23,3,2,2,26,17,5,2,65,23,20,41,27,66,91,12,2,11,2400,1,0,17,0,-4.411616878200888,35.842293906810035,38.888888888888886,66,대구 한국가스공사,17,3,27,7,34,5,32,16,23,8,1,1,18,11,1,0,56,25,19,44,19,69,74,5,1,21,2400,0,0,10,0,4.411616878200888,58.7248322147651,63.333333333333336,73,울산 현대모비스
S45G01N185,2024-2025,20250209,away,14,3,20,18,38,5,37,17,33,7,1,1,12,6,4,3,71,25,19,43,26,63,83,8,0,13,2400,0,0,12,0,-10.729359320908614,30.290791599353796,34.21052631578947,66,서울 삼성,18,0,24,5,29,11,32,17,29,8,0,0,22,18,4,1,61,25,18,37,26,76,83,7,1,11,2400,0,0,14,0,10.729359320908614,31.083481349911192,36.36363636363637,89,고양 소노
S45G01N186,2024-2025,20250209,away,20,1,24,11,35,2,35,16,31,11,1,1,12,7,4,0,67,28,14,28,21,74,79,3,0,9,2400,0,0,8,0,-11.40101084639241,40.7088122605364,44.44444444444444,82,수원 KT,15,5,28,8,36,3,39,21,27,11,1,1,11,8,3,4,67,33,16,33,17,85,78,6,1,9,2400,0,0,11,0,11.40101084639241,49.21259842519685,59.375,103,서울 SK
S45G01N187,2024-2025,20250210,home,16,2,24,14,38,4,41,15,35,13,1,1,6,5,6,4,77,29,18,39,21,76,83,10,0,9,2400,0,1,19,0,8.507316082842948,45.271629778672036,47.05882352941177,88,안양 정관장,15,3,31,11,42,2,46,27,15,0,1,1,20,11,2,2,62,28,14,28,19,67,82,5,0,12,2400,0,0,6,0,-8.507316082842948,28.30188679245283,35.714285714285715,79,부산 KCC
S45G01N188,2024-2025,20250211,away,24,3,16,8,24,0,44,27,22,6,0,0,12,8,2,2,66,33,18,37,20,80,78,7,0,10,2400,0,0,8,0,-26.073400804129648,57.80346820809248,66.66666666666667,91,고양 소노,24,4,24,17,41,2,38,24,29,8,5,5,22,19,5,2,72,37,15,32,22,101,94,6,0,10,2400,0,0,19,0,26.073400804129648,51.724137931034484,62.5,130,울산 현대모비스
S45G01N189,2024-2025,20250212,away,15,4,24,6,30,2,37,20,29,6,1,1,12,8,7,8,67,27,14,28,18,68,79,5,1,9,2400,0,0,12,0,-11.200099095584633,37.72635814889336,41.1764705882353,70,서울 SK,16,1,31,12,43,5,41,22,29,8,0,0,11,9,2,0,70,30,18,36,21,77,81,7,3,13,2400,0,0,7,0,11.200099095584633,39.279112754158966,42.30769230769231,91,창원 LG
S45G01N190,2024-2025,20250213,home,14,3,25,5,30,3,37,20,25,12,0,0,14,12,1,2,62,32,17,35,19,88,76,3,0,9,2400,0,0,4,0,20.98191418101581,63.06306306306306,80.0,100,원주 DB,21,2,22,8,30,6,42,20,26,7,2,2,12,10,3,2,70,29,18,38,17,75,82,4,0,7,2400,0,0,2,0,-20.98191418101581,47.66949152542373,50.0,88,부산 KCC
S45G01N191,2024-2025,20250226,away,21,4,18,13,31,5,38,17,30,11,4,4,14,10,4,4,72,32,16,34,15,85,86,9,1,15,2400,1,0,14,0,-7.003484701230548,62.87726358148894,70.58823529411765,95,부산 KCC,28,2,27,12,39,3,41,22,31,12,1,1,16,13,7,1,73,35,18,38,22,95,89,11,0,16,2400,0,0,17,0,7.003484701230548,44.4264943457189,47.36842105263158,121,고양 소노
S45G01N192,2024-2025,20250226,away,9,6,27,21,48,5,49,17,32,3,1,1,13,11,4,4,82,21,16,33,29,56,95,6,0,7,2400,0,0,7,0,-13.42395652353322,22.169167803547065,20.0,60,안양 정관장,17,7,34,22,56,4,43,16,29,7,1,0,17,10,5,0,73,23,19,39,21,63,90,4,0,12,2400,1,1,8,0,13.42395652353322,30.290791599353796,34.21052631578947,82,수원 KT
S45G01N193,2024-2025,20250227,home,21,3,25,6,31,2,28,21,37,12,2,2,9,7,4,0,67,35,18,36,21,89,76,9,0,11,2400,0,0,13,0,12.891643206099914,37.960954446854664,41.1764705882353,110,원주 DB,25,1,26,12,38,1,36,17,31,12,1,1,13,8,4,0,68,30,17,34,25,80,81,6,0,15,2400,0,0,14,0,-12.891643206099914,42.61363636363636,56.25,93,대구 한국가스공사
S45G01N194,2024-2025,20250227,home,22,2,30,10,40,6,53,28,18,5,0,0,8,3,6,2,71,33,15,33,27,74,79,7,0,10,2400,0,0,14,0,10.375063631567912,41.36029411764706,46.875,98,창원 LG,16,2,20,6,26,4,39,17,19,4,2,2,13,12,2,2,60,23,16,33,33,62,73,5,0,10,2400,0,0,8,0,-10.375063631567912,43.5656836461126,53.57142857142857,67,서울 삼성
S45G01N195,2024-2025,20250228,away,13,2,25,6,31,5,36,17,23,7,3,3,6,6,3,4,62,27,14,28,13,67,68,4,0,12,2400,0,0,6,0,-17.134970748961024,50.67567567567567,58.333333333333336,75,부산 KCC,23,4,25,23,48,2,51,24,35,10,1,1,1,0,6,0,87,35,16,32,20,80,88,9,2,7,2400,0,0,10,0,17.134970748961024,38.095238095238095,38.095238095238095,104,수원 KT
S45G01N196,2024-2025,20250228,away,20,3,22,15,37,3,43,21,26,8,1,1,13,9,2,0,70,30,15,31,16,77,83,7,1,14,2400,0,0,6,0,-6.417683123361343,33.00803673938002,39.473684210526315,88,울산 현대모비스,15,5,19,9,28,6,48,26,17,6,2,2,7,6,5,2,67,34,16,35,20,80,74,8,0,12,2400,0,0,20,0,6.417683123361343,43.35260115606936,50.0,96,서울 SK
S45G01N197,2024-2025,20250301,away,17,3,31,13,44,7,34,16,45,10,1,1,24,18,5,4,80,27,19,38,16,82,104,6,0,11,2700,0,0,6,0,-15.84682277751584,29.46127946127946,27.77777777777778,89,원주 DB,19,1,31,10,41,6,45,22,33,12,1,1,11,10,7,4,79,35,20,43,21,92,90,7,0,11,2700,0,0,9,0,15.84682277751584,85.0,85.0,110,고양 소노
S45G01N198,2024-2025,20250301,away,13,3,19,17,36,2,42,15,21,6,2,2,17,11,3,4,65,23,19,39,22,63,82,7,1,11,2400,0,0,15,0,-1.8954654755635687,32.31017770597738,36.8421052631579,64,서울 삼성,11,4,26,10,36,1,29,15,27,9,0,0,12,9,2,0,56,24,20,41,25,66,68,5,3,17,2400,0,0,5,0,1.8954654755635687,25.188916876574307,26.923076923076923,68,대구 한국가스공사
S45G01N199,2024-2025,20250301,away,11,1,28,23,51,4,45,19,28,3,1,1,12,6,1,0,74,23,16,32,27,55,86,5,1,17,2400,0,0,4,0,-22.7107779756532,30.695770804911323,30.0,52,창원 LG,19,5,27,9,36,3,39,17,26,9,0,0,15,9,6,1,65,26,16,32,15,70,80,7,1,9,2400,1,0,10,0,22.7107779756532,62.97229219143576,73.07692307692308,85,안양 정관장
S45G01N200,2024-2025,20250302,home,15,2,27,14,41,1,48,28,24,6,1,1,20,9,7,6,73,35,19,38,17,85,93,10,0,8,2400,0,0,12,0,16.603704406921693,32.30337078651685,57.142857142857146,97,서울 SK,17,3,24,7,31,7,42,23,22,5,1,1,15,14,5,0,65,29,16,38,15,77,80,5,0,16,2400,1,1,7,0,-16.603704406921693,36.09422492401216,36.36363636363637,87,부산 KCC
S45G01N201,2024-2025,20250302,away,21,4,24,8,32,2,36,16,21,5,3,3,5,3,4,0,60,24,14,28,19,56,65,5,0,15,2400,0,0,14,0,-8.104438018147832,43.333333333333336,43.333333333333336,67,울산 현대모비스,12,2,27,18,45,2,45,17,24,7,1,1,6,5,4,8,70,25,14,28,22,62,76,12,3,15,2400,0,0,16,0,8.104438018147832,33.333333333333336,33.333333333333336,71,수원 KT
S45G01N202,2024-2025,20250302,away,21,1,23,4,27,2,39,20,25,8,3,3,11,9,7,6,67,31,16,32,31,79,78,10,0,13,2400,0,0,12,0,-10.81088140386818,42.857142857142854,42.857142857142854,89,고양 소노,25,3,30,4,34,0,35,24,30,11,0,0,7,7,4,2,65,35,16,35,23,88,72,4,1,17,2400,0,1,14,0,10.81088140386818,60.20642201834862,62.5,106,대구 한국가스공사
S45G01N203,2024-2025,20250303,home,13,6,33,7,40,2,35,19,26,7,0,0,17,8,4,4,61,26,15,30,18,67,78,4,0,12,2400,0,0,9,0,7.001690705368333,35.95600676818951,50.0,76,원주 DB,19,1,28,17,45,4,42,13,32,8,2,2,11,9,3,4,76,23,18,37,26,63,87,5,1,11,2400,1,0,10,0,-7.001690705368333,36.1794500723589,39.473684210526315,70,창원 LG
S45G01N204,2024-2025,20250303,away,18,1,20,11,31,4,40,20,25,9,0,0,13,9,1,2,65,29,15,30,29,76,78,5,0,16,2400,0,0,6,0,-22.3549821693358,40.48582995951417,46.42857142857143,79,서울 삼성,24,5,21,6,27,4,39,26,26,11,0,0,8,4,9,2,65,37,17,36,21,89,73,9,1,10,2400,0,0,13,0,22.3549821693358,52.816901408450704,61.76470588235294,115,안양 정관장
S45G01N205,2024-2025,20250304,home,20,2,22,13,35,2,35,20,32,7,2,2,13,10,5,4,69,29,16,33,23,75,82,9,0,10,2400,0,0,10,0,-4.314240160299022,50.57803468208092,63.333333333333336,90,수원 KT,16,2,23,11,34,3,35,14,26,13,0,0,9,7,4,6,61,27,18,37,35,74,70,7,0,14,2400,1,0,16,0,4.314240160299022,40.67245119305856,41.1764705882353,86,대구 한국가스공사
S45G01N206,2024-2025,20250305,away,14,0,31,11,42,4,41,20,28,4,2,2,12,10,7,0,71,26,16,32,22,66,83,7,2,17,2400,0,0,8,0,-18.26298701298701,45.021186440677965,46.875,67,서울 삼성,19,3,27,7,34,3,39,19,28,7,2,2,14,12,9,0,69,28,15,30,22,75,83,10,0,8,2400,1,0,19,0,18.26298701298701,53.13199105145414,56.666666666666664,93,서울 SK
S45G01N207,2024-2025,20250306,home,23,4,30,11,41,2,44,27,24,8,3,3,13,9,6,2,71,38,19,40,15,93,84,4,0,8,2400,1,0,6,0,16.43514305590756,45.498084291187745,50.0,122,울산 현대모비스,18,4,19,12,31,5,41,15,30,13,0,0,24,15,4,2,71,28,20,41,21,84,95,6,0,7,2400,0,0,8,0,-16.43514305590756,54.92091388400703,61.76470588235294,89,원주 DB
S45G01N208,2024-2025,20250307,away,17,5,18,10,28,4,36,16,33,11,1,1,7,5,0,0,70,28,18,37,28,72,77,7,0,7,2400,0,1,9,0,-12.219528920216234,50.317796610169495,53.125,82,대구 한국가스공사,16,2,30,17,47,3,43,21,24,10,0,0,13,7,3,0,67,31,18,36,23,79,80,5,1,13,2400,0,0,7,0,12.219528920216234,47.98903107861061,55.26315789473684,96,창원 LG
S45G01N209,2024-2025,20250307,away,9,1,22,12,34,2,34,16,33,8,0,0,0,0,2,0,67,24,18,37,30,56,67,6,0,15,2400,0,0,13,0,-16.467391304347828,31.25,31.25,50,고양 소노,21,2,30,11,41,3,32,19,30,7,0,0,15,12,11,3,62,26,12,24,20,71,77,10,2,16,2400,0,0,20,0,16.467391304347828,60.3448275862069,75.0,91,서울 SK
S45G01N210,2024-2025,20250308,away,18,6,32,15,47,5,40,18,36,10,2,1,11,7,3,2,78,29,18,36,15,75,89,5,0,12,2700,1,0,7,0,-7.777810523006806,22.22222222222222,22.22222222222222,91,원주 DB,20,0,30,12,42,6,45,23,34,9,1,1,15,8,4,3,80,33,19,39,36,83,95,7,1,7,2700,0,0,8,0,7.777810523006806,60.0,60.0,96,서울 삼성
S45G01N211,2024-2025,20250308,away,10,1,25,12,37,7,38,17,34,8,1,0,18,16,1,2,73,25,20,45,20,74,91,3,1,8,2400,0,0,7,0,-11.451654238418342,26.340996168582375,25.0,73,안양 정관장,22,3,29,7,36,5,37,20,28,8,0,0,21,17,4,0,65,28,19,42,17,81,86,4,1,8,2400,0,0,3,0,11.451654238418342,40.94412331406551,46.666666666666664,101,울산 현대모비스
S45G01N212,2024-2025,20250309,home,22,5,33,9,42,2,41,23,26,10,2,2,16,9,8,2,69,35,16,33,20,89,85,8,0,11,2400,0,0,8,0,26.436157155541864,24.29328621908127,32.142857142857146,116,서울 SK,16,2,23,18,41,5,48,19,34,9,1,1,4,2,1,2,83,29,19,38,22,69,87,7,1,12,2400,0,0,9,0,-26.436157155541864,47.78672032193159,52.94117647058823,71,대구 한국가스공사
S45G01N213,2024-2025,20250309,home,27,0,27,10,37,1,40,26,26,10,0,0,13,9,4,2,66,36,19,40,30,91,79,7,0,11,2400,2,0,9,0,17.917101156369725,56.25,56.25,118,창원 LG,16,0,21,7,28,0,34,19,26,8,0,0,22,17,4,4,60,27,15,32,28,79,82,6,0,11,2400,0,0,11,0,-17.917101156369725,27.834008097165988,35.714285714285715,80,고양 소노
S45G01N214,2024-2025,20250310,home,17,2,35,15,50,6,52,24,32,8,0,0,8,5,6,2,84,32,16,33,18,77,92,7,0,8,2400,0,0,8,0,6.710889527350574,45.028818443804035,52.27272727272727,96,안양 정관장,13,5,32,5,37,2,41,20,24,6,1,1,15,9,5,4,66,27,15,30,21,69,81,7,0,10,2400,1,0,10,0,-6.710889527350574,36.1271676300578,40.0,78,원주 DB
S45G01N215,2024-2025,20250311,home,22,7,33,14,47,3,44,19,28,4,0,0,16,13,7,0,72,23,18,36,16,63,88,9,0,14,2400,0,0,6,0,3.4183336607574972,24.774774774774777,26.666666666666668,85,울산 현대모비스,15,3,32,14,46,6,50,17,24,4,3,3,9,9,7,4,77,24,18,40,30,61,86,8,1,13,2400,0,1,13,0,-3.4183336607574972,31.57894736842105,31.57894736842105,72,서울 삼성
S45G01N216,2024-2025,20250312,home,19,6,24,4,28,2,34,20,22,8,2,2,29,20,5,1,58,30,18,41,29,88,87,11,0,11,2400,0,1,15,0,20.756272917967678,26.167471819645733,38.888888888888886,106,대구 한국가스공사,15,2,25,6,31,6,38,21,23,6,0,0,21,16,5,2,61,27,18,43,23,76,82,8,2,18,2400,0,0,2,0,-20.756272917967678,31.9693094629156,46.42857142857143,79,안양 정관장
S45G01N217,2024-2025,20250313,away,15,1,23,10,33,3,39,21,28,6,2,2,18,13,2,0,69,29,16,35,19,77,87,9,0,13,2400,0,1,14,0,-13.268022380542192,37.92298716452742,50.0,80,부산 KCC,27,1,28,14,42,1,37,17,29,10,3,3,13,13,3,0,69,30,18,41,24,83,82,5,1,15,2400,1,0,9,0,13.268022380542192,57.142857142857146,57.142857142857146,104,서울 삼성
S45G01N218,2024-2025,20250313,home,18,2,25,22,47,4,35,15,37,9,1,1,18,10,4,1,73,25,18,36,21,69,91,8,2,15,2400,0,0,15,0,4.561743217323809,26.36203866432337,32.35294117647059,75,수원 KT,14,5,22,10,32,4,32,14,31,9,0,0,9,8,1,2,63,23,19,39,22,63,72,6,0,14,2400,1,0,7,0,-4.561743217323809,24.641577060931898,22.22222222222222,69,고양 소노
S45G01N219,2024-2025,20250314,home,21,1,27,9,36,6,44,20,33,10,1,1,14,12,2,1,78,31,19,39,28,84,92,3,0,7,2700,0,0,8,0,-2.4657414241538476,50.67567567567567,66.66666666666667,95,창원 LG,22,1,27,11,38,7,38,20,31,9,0,0,19,14,3,1,69,29,18,38,18,81,88,4,2,11,2700,1,0,2,0,2.4657414241538476,54.50581395348837,87.5,95,울산 현대모비스
S45G01N220,2024-2025,20250314,away,19,3,26,5,31,3,44,20,26,9,1,1,12,11,9,7,71,30,16,32,19,80,83,9,0,7,2400,0,0,17,0,-11.79239663119769,36.56307129798903,36.8421052631579,96,서울 SK,16,7,31,17,48,4,38,18,41,15,1,1,5,5,2,1,80,34,15,31,17,88,85,3,1,12,2400,0,1,6,0,11.79239663119769,64.31767337807607,70.0,107,원주 DB
S45G01N221,2024-2025,20250315,home,17,3,29,19,48,3,38,15,36,9,1,1,15,11,5,2,75,25,19,41,28,70,90,10,1,10,2400,0,0,10,0,17.296023176594588,35.21126760563381,38.23529411764706,86,대구 한국가스공사,14,4,27,11,38,4,40,17,18,3,3,3,16,8,3,0,61,23,17,34,14,57,77,8,2,15,2400,0,0,4,0,-17.296023176594588,21.92982456140351,26.666666666666668,62,부산 KCC
S45G01N222,2024-2025,20250315,home,21,1,30,17,47,2,47,21,16,7,5,5,16,10,3,2,68,33,16,32,23,83,84,8,1,20,2400,0,0,4,0,11.501245163469648,71.6743119266055,78.125,100,서울 삼성,15,4,16,8,24,4,41,22,28,8,0,0,9,5,3,4,69,30,14,31,22,73,78,11,0,12,2400,0,0,11,0,-11.501245163469648,62.96641791044776,67.5,76,수원 KT
S45G01N223,2024-2025,20250315,away,16,1,23,8,31,3,44,24,25,9,0,0,12,9,1,2,69,33,18,38,19,84,81,4,0,9,2400,0,0,6,0,-1.159105638547402,42.229729729729726,50.0,91,고양 소노,17,2,21,11,32,9,39,26,31,8,1,1,12,8,4,4,71,35,18,37,15,86,83,7,2,11,2400,0,0,8,0,1.159105638547402,36.56307129798903,39.473684210526315,100,안양 정관장
S45G01N224,2024-2025,20250316,home,21,1,27,5,32,6,33,21,25,9,1,1,23,19,3,1,59,31,17,34,23,90,82,8,0,10,2400,0,0,16,0,34.29711690050651,48.52125693160813,65.38461538461539,116,수원 KT,15,2,18,14,32,3,27,15,35,7,1,1,14,9,3,2,63,23,20,42,21,62,77,7,2,16,2400,0,1,8,0,-34.29711690050651,22.40143369175627,22.22222222222222,58,창원 LG
S45G01N225,2024-2025,20250316,away,18,2,18,13,31,2,48,24,23,6,0,0,14,10,6,5,71,30,19,40,20,76,85,6,0,13,2400,0,0,8,0,-30.55195261751699,38.81987577639752,42.5,77,울산 현대모비스,31,1,25,10,35,5,58,41,12,2,3,2,16,10,7,4,73,45,19,38,22,102,89,8,1,9,2400,0,0,14,0,30.55195261751699,61.188811188811194,70.0,138,부산 KCC
S45G01N226,2024-2025,20250316,away,17,2,30,12,42,6,32,12,33,10,2,1,11,7,5,0,67,23,17,34,23,63,78,7,0,17,2400,0,0,13,0,-20.5264879071037,32.89473684210526,32.142857142857146,72,원주 DB,19,6,26,11,37,5,34,14,36,12,0,0,14,11,10,6,70,26,16,34,19,75,84,11,0,8,2400,1,0,15,0,20.5264879071037,52.55941499085923,57.89473684210526,98,서울 SK
S45G01N227,2024-2025,20250317,away,20,1,18,9,27,4,33,21,31,4,1,1,19,12,2,0,65,26,18,38,17,68,84,13,1,12,2400,1,0,8,0,-7.508986948484079,45.45454545454545,55.88235294117647,74,대구 한국가스공사,14,2,26,12,38,4,39,21,22,7,0,0,15,10,2,2,61,28,19,41,24,73,76,4,1,20,2400,2,0,14,0,7.508986948484079,30.0,30.0,76,안양 정관장
S45G01N228,2024-2025,20250318,home,21,4,22,12,34,4,42,28,25,6,0,0,7,5,2,0,67,34,18,37,17,79,74,4,0,15,2400,0,0,11,0,5.65260085180806,46.42857142857143,46.42857142857143,96,울산 현대모비스,16,1,20,8,28,5,46,20,18,7,2,2,14,12,4,1,66,29,17,37,15,77,80,11,2,11,2400,0,0,8,0,-5.65260085180806,44.742729306487696,46.666666666666664,86,부산 KCC
S45G01N229,2024-2025,20250319,away,23,2,26,8,34,2,37,15,29,12,2,2,8,7,3,2,68,29,16,32,22,77,76,7,0,11,2400,1,0,2,0,-1.3981353198962267,42.756539235412475,44.11764705882353,94,수원 KT,16,2,29,5,34,2,41,22,20,6,1,1,17,14,5,4,62,29,17,34,23,78,79,5,0,10,2400,0,0,11,0,1.3981353198962267,66.12090680100755,73.07692307692308,91,서울 SK
S45G01N230,2024-2025,20250320,home,21,3,26,13,39,3,52,32,18,5,0,0,15,11,6,0,70,37,20,41,32,90,85,8,1,13,2400,1,0,10,0,6.816389251523063,35.66066066066066,44.44444444444444,113,고양 소노,21,0,18,8,26,2,33,15,31,13,0,0,20,16,2,2,64,28,19,39,24,85,84,8,1,12,2400,1,0,10,0,-6.816389251523063,30.43831168831169,31.25,89,대구 한국가스공사
S45G01N231,2024-2025,20250320,home,30,2,24,7,31,2,33,21,31,11,1,0,8,6,1,0,65,32,17,34,24,81,73,10,1,14,2400,0,0,13,0,12.496043780586874,23.333333333333332,23.333333333333332,106,창원 LG,17,2,24,11,35,2,31,14,31,12,0,0,4,4,0,0,62,26,14,30,21,68,66,6,0,19,2400,0,0,8,0,-12.496043780586874,42.857142857142854,42.857142857142854,75,원주 DB
S45G01N232,2024-2025,20250321,home,15,2,33,13,46,4,48,25,26,9,1,0,9,8,4,2,75,34,19,38,27,85,84,4,0,11,2400,0,0,6,0,7.1520063674875445,33.57030015797788,33.333333333333336,103,서울 SK,24,2,25,9,34,4,38,18,32,10,2,2,17,9,3,2,72,30,17,34,18,79,89,6,0,6,2400,0,0,10,0,-7.1520063674875445,58.19838056680162,75.0,93,울산 현대모비스
S45G01N233,2024-2025,20250321,home,22,1,25,9,34,3,48,24,32,14,0,0,1,1,5,4,80,38,20,42,22,91,81,12,0,6,2400,0,0,21,0,25.4535183744093,66.04696673189824,68.42105263157895,115,안양 정관장,17,1,29,7,36,2,34,17,22,8,2,2,16,8,1,0,58,27,14,28,15,70,74,4,0,18,2400,0,0,3,0,-25.4535183744093,53.49099099099099,66.66666666666667,73,부산 KCC
S45G01N234,2024-2025,20250322,away,14,2,17,18,35,7,40,17,26,6,0,0,20,13,4,3,66,23,20,41,26,65,86,8,1,14,2400,0,0,9,0,-11.671394534652379,50.0,50.0,66,창원 LG,13,1,25,7,32,1,29,19,23,5,0,0,22,16,1,2,52,24,18,39,23,69,74,9,2,12,2400,0,0,9,0,11.671394534652379,29.87132352941176,34.375,77,수원 KT
S45G01N235,2024-2025,20250322,away,17,4,23,11,34,3,45,22,28,7,0,0,10,9,5,4,73,29,18,39,24,74,83,9,0,9,2400,0,0,15,0,-9.01899941135072,18.174474959612276,15.789473684210526,87,대구 한국가스공사,18,0,30,8,38,2,37,22,24,7,3,3,13,8,5,4,64,32,16,32,16,79,77,5,0,12,2400,0,1,8,0,9.01899941135072,35.91954022988506,38.888888888888886,93,원주 DB
S45G01N236,2024-2025,20250322,home,22,1,31,15,46,3,47,23,31,10,1,0,8,8,4,0,79,33,18,36,23,84,87,11,0,14,2400,1,0,8,0,30.166704162416067,40.476190476190474,40.476190476190474,107,고양 소노,13,3,30,6,36,1,38,17,23,4,3,3,9,7,7,4,64,24,18,36,22,59,73,9,0,19,2400,0,0,6,0,-30.166704162416067,44.43127962085308,46.42857142857143,60,서울 삼성
S45G01N237,2024-2025,20250323,away,23,5,26,8,34,1,30,17,35,9,1,1,9,8,8,3,66,27,16,33,22,71,75,10,0,17,2400,1,0,8,0,-14.570217784762278,53.333333333333336,53.333333333333336,87,서울 SK,20,3,25,9,34,4,43,23,25,9,0,0,8,8,8,9,68,32,13,26,13,81,76,13,1,15,2400,0,0,14,0,14.570217784762278,48.16955684007707,53.333333333333336,103,부산 KCC
S45G01N238,2024-2025,20250323,home,18,2,23,11,34,3,49,20,26,13,0,0,15,8,3,4,75,33,18,37,19,87,90,4,0,5,2400,0,0,11,0,-1.1353554519021998,50.730519480519476,71.875,94,안양 정관장,19,5,29,12,41,2,43,22,23,11,0,0,12,7,3,2,66,33,18,38,15,84,78,3,0,13,2400,0,0,7,0,1.1353554519021998,56.25,56.25,103,울산 현대모비스
S45G01N239,2024-2025,20250323,home,22,0,22,10,32,3,42,20,20,10,1,1,21,13,4,4,63,31,18,37,27,85,84,7,0,6,2400,1,0,7,0,8.381373425371237,34.054487179487175,45.833333333333336,103,창원 LG,21,1,22,19,41,2,39,16,34,13,0,0,13,10,4,0,73,29,17,38,27,81,86,2,2,10,2400,1,0,0,0,-8.381373425371237,51.39802631578947,55.0,89,대구 한국가스공사
S45G01N240,2024-2025,20250324,away,12,2,24,11,35,4,38,11,25,7,2,1,15,9,2,1,65,19,19,39,28,54,80,4,0,9,2400,0,0,9,0,-27.86194776074177,32.62642740619902,46.15384615384615,50,서울 삼성,19,2,33,16,49,2,39,19,26,9,1,1,12,5,3,0,66,29,18,38,27,72,78,5,5,13,2400,0,0,9,0,27.86194776074177,42.756539235412475,47.05882352941177,87,수원 KT
S45G01N241,2024-2025,20250325,home,17,1,28,8,36,2,34,16,32,16,0,0,14,13,2,0,66,32,20,46,16,93,80,7,1,16,2400,1,0,7,0,11.436290765083385,59.895833333333336,79.16666666666667,104,안양 정관장,16,2,24,15,39,1,40,23,31,5,1,0,28,23,4,1,72,28,19,39,30,84,100,8,0,11,2400,0,1,10,0,-11.436290765083385,35.46099290780141,41.666666666666664,90,고양 소노
S45G01N242,2024-2025,20250326,away,16,3,20,6,26,4,41,20,25,5,3,3,9,8,7,4,69,28,18,37,25,69,78,9,0,13,2400,1,0,15,0,-29.11076712465615,33.333333333333336,33.333333333333336,72,서울 삼성,24,0,33,13,46,0,42,23,28,11,2,2,13,9,8,6,72,36,18,38,28,92,85,8,0,15,2400,0,0,14,0,29.11076712465615,39.0625,43.75,115,창원 LG
S45G01N243,2024-2025,20250327,home,21,1,18,14,32,6,42,23,26,11,0,0,15,11,4,0,68,34,18,38,23,90,83,7,0,14,2400,0,0,13,0,4.796749713191957,47.04301075268817,52.77777777777778,105,수원 KT,19,2,16,14,30,1,32,17,30,11,1,0,18,14,7,4,63,28,16,35,26,81,81,11,2,13,2400,1,0,14,0,-4.796749713191957,30.241935483870964,29.166666666666668,90,고양 소노
S45G01N244,2024-2025,20250327,away,11,2,32,8,40,2,38,12,26,8,2,2,11,10,2,0,66,22,19,41,20,62,77,1,0,12,2400,0,0,5,0,-12.02565473009085,43.70629370629371,45.0,61,원주 DB,20,4,25,13,38,10,60,27,14,3,1,1,11,6,4,2,75,31,17,34,17,71,86,6,0,8,2400,0,0,7,0,12.02565473009085,26.859504132231407,32.35294117647059,92,울산 현대모비스
S45G01N245,2024-2025,20250328,away,19,0,22,2,24,3,38,19,17,5,1,1,15,12,2,2,56,25,17,35,17,67,71,2,0,12,2400,1,0,4,0,-34.36257513973993,49.56896551724138,59.375,69,부산 KCC,30,3,27,9,36,3,38,26,27,8,4,1,20,18,3,0,69,35,19,38,23,96,89,9,1,7,2400,0,0,11,0,34.36257513973993,36.63793103448276,37.5,133,대구 한국가스공사
S45G01N246,2024-2025,20250328,home,15,0,27,9,36,3,45,24,28,8,1,1,5,5,10,14,74,33,13,26,19,79,79,9,1,9,2400,1,0,15,0,-1.7878714322418858,58.8235294117647,58.8235294117647,91,서울 SK,20,1,28,4,32,2,35,18,27,11,1,1,9,7,4,2,63,30,15,31,20,78,72,6,1,11,2400,0,0,13,0,1.7878714322418858,43.68279569892473,45.833333333333336,92,창원 LG
S45G01N247,2024-2025,20250329,home,28,2,26,11,37,4,52,30,20,7,0,0,17,13,5,2,72,37,16,33,15,94,89,7,1,11,2400,0,1,6,0,17.348971688484085,46.58385093167702,53.333333333333336,121,울산 현대모비스,15,4,22,6,28,4,43,22,26,8,0,0,12,11,4,0,69,30,19,40,22,79,81,4,0,10,2400,1,0,7,0,-17.348971688484085,46.29629629629629,52.77777777777778,84,고양 소노
S45G01N248,2024-2025,20250329,away,17,1,32,3,35,2,35,13,25,11,1,1,13,11,3,0,61,25,18,36,25,72,74,8,1,12,2400,0,0,13,0,-12.074363165363692,44.11764705882353,44.11764705882353,84,서울 삼성,17,3,28,11,39,5,37,22,38,11,0,0,8,5,8,12,75,33,17,35,18,82,83,5,0,9,2400,0,0,12,0,12.074363165363692,46.477495107632095,47.36842105263158,97,안양 정관장
S45G01N249,2024-2025,20250329,home,17,3,27,12,39,2,44,25,27,4,0,0,10,7,1,0,71,29,16,33,20,69,81,4,1,10,2400,0,0,6,0,-3.0397416022303503,25.252525252525253,25.0,78,수원 KT,14,6,29,13,42,0,36,17,27,6,1,1,16,13,2,0,64,24,18,37,15,67,80,8,1,11,2400,1,0,13,0,3.0397416022303503,39.72457627118644,40.625,82,원주 DB
S45G01N250,2024-2025,20250330,away,21,1,19,9,28,3,39,17,23,9,1,1,11,9,3,0,63,27,19,41,17,72,74,5,0,12,2400,0,2,7,0,-32.340407610645414,58.29015544041451,60.714285714285715,80,부산 KCC,18,1,26,15,41,5,47,26,29,12,1,1,10,7,3,2,77,39,20,41,22,97,87,7,1,6,2400,0,0,11,0,32.340407610645414,54.54545454545455,54.54545454545455,121,창원 LG
S45G01N251,2024-2025,20250330,home,24,1,25,6,31,5,43,22,24,5,3,3,12,10,5,2,70,30,17,35,28,75,82,11,0,8,2400,0,0,12,0,3.188705169050621,43.658088235294116,53.125,97,대구 한국가스공사,21,1,33,13,46,2,36,18,34,8,3,3,11,8,9,4,73,29,16,32,21,74,84,8,0,14,2400,0,0,4,0,-3.188705169050621,37.3931623931624,47.22222222222222,91,서울 SK
S45G01N252,2024-2025,20250330,away,14,0,16,8,24,3,38,15,28,9,0,0,24,19,1,0,66,24,18,36,18,76,90,9,0,6,2400,2,0,14,0,-13.182429007853656,46.875,58.333333333333336,73,서울 삼성,20,4,31,14,45,5,33,20,34,12,0,0,11,9,1,2,67,32,19,44,14,85,78,4,2,16,2400,3,1,4,0,13.182429007853656,32.77972027972028,32.5,108,원주 DB
S45G01N253,2024-2025,20250331,away,15,2,17,12,29,3,47,24,25,8,0,0,15,13,3,0,72,32,20,41,19,85,87,7,0,10,2400,1,0,18,0,-0.25740059716937935,59.628975265017665,75.0,89,안양 정관장,15,1,28,12,40,2,42,28,21,6,0,0,23,14,3,2,63,34,15,32,22,88,86,6,0,18,2400,0,0,12,0,0.25740059716937935,43.388429752066116,55.88235294117647,96,수원 KT
S45G01N254,2024-2025,20250401,away,16,2,17,9,26,4,38,14,29,6,5,5,5,5,4,0,72,25,18,38,26,61,77,6,0,8,2400,1,0,8,0,-37.274951931480516,46.095444685466376,47.05882352941177,60,서울 삼성,18,3,31,14,45,9,31,19,40,14,1,1,12,10,2,0,72,34,18,38,19,92,84,5,0,13,2400,0,0,9,0,37.274951931480516,63.1578947368421,63.1578947368421,119,대구 한국가스공사
S45G01N255,2024-2025,20250402,home,21,1,21,8,29,5,37,22,29,12,1,1,23,16,4,3,67,35,19,42,21,98,90,9,0,10,2400,1,0,11,0,9.676565813415593,58.139534883720934,78.57142857142857,114,부산 KCC,24,0,21,12,33,0,38,25,25,6,0,0,26,17,10,6,63,31,19,45,33,85,89,6,1,12,2400,2,0,12,0,-9.676565813415593,33.52490421455939,36.111111111111114,94,고양 소노
S45G01N256,2024-2025,20250403,home,15,1,28,15,43,6,37,16,31,11,2,2,13,8,4,2,70,29,19,39,28,77,83,7,0,14,2400,0,0,10,0,18.305629151090614,32.16911764705882,31.25,89,창원 LG,12,2,19,12,31,8,41,17,27,7,0,0,14,7,4,4,68,24,17,36,28,62,82,7,0,11,2400,0,1,9,0,-18.305629151090614,25.252525252525253,25.0,60,안양 정관장
S45G01N257,2024-2025,20250403,home,20,3,33,14,47,2,51,26,14,8,4,4,9,7,6,6,69,38,17,35,19,91,78,5,2,15,2400,0,0,6,0,27.86521806584821,48.16955684007707,56.666666666666664,118,울산 현대모비스,14,4,16,12,28,3,41,17,33,8,0,0,15,13,4,4,74,25,15,30,18,71,89,9,1,6,2400,0,0,11,0,-27.86521806584821,33.42245989304813,33.333333333333336,71,수원 KT
S45G01N258,2024-2025,20250404,away,24,1,22,11,33,1,40,23,26,9,2,2,8,6,5,1,68,34,18,36,18,83,76,6,0,12,2400,0,1,8,0,-15.030885833390087,54.01234567901234,55.55555555555556,100,부산 KCC,24,2,22,8,30,3,35,19,29,14,1,1,12,9,6,2,65,34,17,35,15,91,77,8,0,8,2400,1,0,13,0,15.030885833390087,72.67441860465117,108.33333333333333,116,서울 삼성
S45G01N259,2024-2025,20250404,home,21,2,25,18,43,5,47,26,31,7,2,2,14,9,8,5,80,35,18,37,25,86,94,15,0,12,2400,0,0,17,0,17.079243574706254,34.3878954607978,42.10526315789474,110,고양 소노,18,2,27,3,30,2,23,14,31,9,1,1,15,13,2,0,55,24,16,35,21,70,70,8,1,19,2400,1,0,4,0,-17.079243574706254,35.37735849056604,39.285714285714285,77,원주 DB
S45G01N260,2024-2025,20250405,away,19,3,26,7,33,3,47,25,23,5,0,0,16,11,3,2,70,30,18,37,22,76,86,7,0,5,2400,1,0,14,0,-9.980735922074814,37.5,37.5,91,울산 현대모비스,23,2,26,15,41,8,51,22,21,10,0,0,15,9,4,6,72,32,18,40,26,83,87,3,2,11,2400,0,0,8,0,9.980735922074814,53.68098159509203,71.875,101,창원 LG
S45G01N261,2024-2025,20250405,home,17,1,27,10,37,6,32,15,35,15,0,0,8,6,3,2,67,30,15,32,18,81,75,5,0,15,2400,1,0,12,0,7.935916831314728,60.91101694915255,68.75,93,안양 정관장,16,4,23,13,36,5,41,17,34,11,1,1,8,7,4,3,76,29,15,30,23,76,84,10,0,10,2400,0,0,8,0,-7.935916831314728,46.875,46.875,89,서울 SK
S45G01N262,2024-2025,20250405,home,21,3,26,16,42,11,42,20,27,10,2,2,11,9,4,6,71,32,18,39,26,83,82,4,0,15,2400,0,0,8,0,15.147566706835178,43.35260115606936,50.0,108,대구 한국가스공사,18,1,20,9,29,3,38,17,35,9,1,1,12,11,6,5,74,27,17,35,21,74,86,8,0,7,2400,0,0,14,0,-15.147566706835178,39.33566433566434,40.0,78,수원 KT
S45G01N263,2024-2025,20250406,away,16,1,26,6,32,2,29,14,37,12,1,1,8,5,3,4,67,27,14,28,16,71,75,4,1,14,2400,2,0,13,0,-26.4223579254177,33.700980392156865,41.666666666666664,68,서울 SK,27,0,33,12,45,3,42,20,36,15,0,0,14,11,10,4,78,35,19,39,27,96,92,11,0,10,2400,0,0,13,0,26.4223579254177,44.11764705882353,44.11764705882353,126,고양 소노
S45G01N264,2024-2025,20250406,home,24,3,29,10,39,2,42,27,24,6,2,2,13,12,5,0,68,35,17,38,16,88,81,6,0,16,2400,0,1,14,0,12.78875463521726,58.630393996247655,64.70588235294117,112,울산 현대모비스,22,1,21,13,34,3,30,14,41,12,1,1,18,12,5,0,72,27,18,39,22,78,90,7,1,13,2400,0,0,7,0,-12.78875463521726,41.666666666666664,41.666666666666664,80,서울 삼성
S45G01N265,2024-2025,20250406,home,22,1,24,14,38,5,49,28,21,5,0,0,18,13,6,4,70,33,14,30,17,84,88,8,0,7,2400,0,0,11,0,13.121808652327402,29.67877094972067,32.5,109,원주 DB,18,3,19,10,29,4,41,23,24,7,0,0,14,9,4,2,65,30,19,40,14,76,79,6,0,11,2400,0,0,2,0,-13.121808652327402,46.378091872791515,60.714285714285715,85,부산 KCC
S45G01N266,2024-2025,20250408,home,20,3,31,12,43,3,41,19,30,8,2,1,7,4,7,0,73,28,16,33,25,68,80,5,0,8,2400,0,0,17,0,3.995184470984313,43.658088235294116,46.875,86,수원 KT,19,2,29,10,39,3,45,20,20,5,2,1,11,7,4,0,67,26,17,34,18,64,78,4,1,9,2400,0,0,4,0,-3.995184470984313,30.54989816700611,36.36363636363637,76,부산 KCC
S45G01N267,2024-2025,20250408,away,12,4,25,10,35,3,33,13,30,9,0,0,15,14,1,0,63,22,18,36,18,67,78,5,0,11,2400,0,0,2,0,-12.00704487848516,34.375,34.375,73,원주 DB,19,2,29,7,36,5,37,20,32,10,0,0,9,8,5,1,69,30,17,36,19,78,78,9,0,7,2400,0,0,4,0,12.00704487848516,60.634328358208954,62.5,102,안양 정관장
S45G01N268,2024-2025,20250408,home,23,4,23,5,28,6,37,25,31,7,2,1,11,6,8,1,70,33,14,28,18,79,81,12,0,9,2400,1,0,13,0,2.8668770949255986,26.652452025586353,30.76923076923077,101,서울 SK,16,1,34,6,40,0,33,16,29,11,2,2,7,7,4,6,64,29,16,33,18,76,71,7,1,17,2400,0,0,6,0,-2.8668770949255986,53.49099099099099,62.5,87,서울 삼성
S45G01N269,2024-2025,20250408,away,17,0,21,6,27,4,34,24,40,10,0,0,2,2,3,2,74,34,19,44,25,80,76,10,0,8,2400,0,0,14,0,-5.659595705883689,75.0,75.0,90,대구 한국가스공사,24,1,29,9,38,2,36,19,24,9,0,0,24,19,3,0,60,28,14,28,18,84,84,4,2,15,2400,0,0,0,0,5.659595705883689,46.666666666666664,46.666666666666664,99,울산 현대모비스
S45G01N270,2024-2025,20250408,home,22,7,23,10,33,2,43,25,31,12,1,1,15,13,5,0,75,38,18,36,25,101,90,5,0,7,2400,2,0,12,0,6.697546633006752,50.65123010130246,57.89473684210526,124,고양 소노,21,1,24,8,32,2,43,21,28,16,0,0,12,9,4,2,71,37,18,37,19,99,83,6,0,13,2400,1,0,9,0,-6.697546633006752,43.936731107205624,50.0,111,창원 LG
