gameKey,seasonName,date,TEAM,AST,BLK,DREB,2PA,2PM,3PA,3PM,DKA,DKM,FTA,FTM,SWA,SWM,FGA,FGM,TPF,PF,SUB,OREB,PP,PA,PRB,STL,TTO,TRB,PTO,MIN,MIN_M,MIN_S,UF,TF,TOM,EJ,TER,PPT
S41G01N1,2022-2023,20221015,서울 SK,14,1,27,42,20,24,8,1,1,16,9,2,2,67,29,18,20,20,7,75,83,34,11,2,1,11,40.0,40.0,2400,0,0,5,0,0,0
S41G01N1,2022-2023,20221015,안양 KGC,24,1,32,41,22,24,10,0,0,20,14,6,6,65,32,17,17,19,8,88,85,40,7,0,2,14,40.0,40.0,2400,0,0,4,0,0,0
S41G01N2,2022-2023,20221015,수원 KT,12,2,25,51,23,22,5,2,2,16,11,7,8,75,30,17,17,25,14,76,91,39,5,0,4,10,40.0,40.0,2400,0,0,10,0,0,0
S41G01N2,2022-2023,20221015,울산 현대모비스,16,3,28,41,22,26,8,3,3,14,11,5,0,70,33,17,20,20,13,85,84,41,6,1,2,11,40.0,40.0,2400,0,0,14,0,0,0
S41G01N3,2022-2023,20221015,고양 캐롯,15,4,26,42,22,32,10,0,0,19,13,4,6,74,32,17,17,23,11,87,93,37,10,0,6,7,40.0,40.0,2400,1,0,16,0,0,0
S41G01N3,2022-2023,20221015,원주 DB,18,3,31,39,15,25,8,6,6,19,14,4,0,70,29,18,21,21,13,80,89,44,3,0,0,13,40.0,40.0,2400,0,0,6,0,0,0
S41G01N4,2022-2023,20221016,창원 LG,18,3,22,48,23,21,3,1,1,10,5,6,8,70,27,17,19,24,13,62,80,35,13,0,2,16,40.0,40.0,2400,0,0,15,0,0,0
S41G01N4,2022-2023,20221016,서울 삼성,12,3,28,46,20,13,4,0,0,15,13,1,0,59,24,19,22,33,12,65,74,40,9,0,2,22,40.0,40.0,2400,0,0,10,0,0,0
S41G01N5,2022-2023,20221016,대구 한국가스공사,15,1,16,45,28,20,2,0,0,13,10,7,6,65,30,19,20,22,8,72,78,24,11,0,5,10,40.0,40.0,2400,0,0,20,0,0,0
S41G01N5,2022-2023,20221016,전주 KCC,18,2,22,32,19,21,9,2,2,14,12,4,2,55,30,17,18,19,8,81,69,30,8,1,2,17,40.0,40.0,2400,0,0,15,0,0,0
S41G01N6,2022-2023,20221016,안양 KGC,23,3,36,28,13,36,12,2,2,10,7,5,0,66,27,17,17,16,10,73,76,46,4,2,2,9,40.0,40.0,2400,0,0,7,0,0,0
S41G01N6,2022-2023,20221016,고양 캐롯,13,1,27,38,17,31,6,2,2,13,6,1,0,71,25,13,12,20,10,62,84,37,5,2,4,4,40.0,40.0,2400,1,0,4,0,0,0
S41G01N7,2022-2023,20221018,창원 LG,22,5,30,48,26,18,10,1,1,12,3,10,2,67,37,17,18,22,7,87,79,37,8,0,2,8,40.0,40.0,2400,0,0,11,0,0,0
S41G01N7,2022-2023,20221018,전주 KCC,14,4,25,50,20,15,5,1,1,17,13,3,4,66,26,15,15,22,10,70,83,35,5,0,2,11,40.0,40.0,2400,0,0,4,0,0,0
S41G01N8,2022-2023,20221019,대구 한국가스공사,27,3,35,36,22,27,11,5,4,19,13,5,2,68,37,17,17,22,8,98,87,43,6,0,1,13,40.0,40.0,2400,0,0,8,0,0,0
S41G01N8,2022-2023,20221019,원주 DB,15,0,25,46,26,24,5,2,1,11,9,8,4,72,32,17,19,21,4,78,83,29,8,0,3,10,40.0,40.0,2400,1,0,10,0,0,0
S41G01N9,2022-2023,20221020,안양 KGC,18,1,25,38,20,31,14,1,1,12,9,3,2,70,35,14,14,14,11,93,82,36,5,1,4,9,40.0,40.0,2400,0,1,7,0,0,0
S41G01N9,2022-2023,20221020,울산 현대모비스,23,0,23,42,20,24,10,5,4,16,6,4,6,71,34,18,18,23,16,84,87,39,6,0,0,12,40.0,40.0,2400,0,1,9,0,0,0
S41G01N10,2022-2023,20221020,수원 KT,14,2,15,30,13,26,12,2,2,26,19,2,0,58,27,19,21,27,6,85,84,21,8,0,3,9,40.0,40.0,2400,0,0,8,0,0,0
S41G01N10,2022-2023,20221020,서울 삼성,18,2,23,32,22,25,10,1,1,11,7,1,0,58,33,19,25,30,9,83,69,32,6,2,1,15,40.0,40.0,2400,0,0,3,0,0,0
S41G01N11,2022-2023,20221021,고양 캐롯,18,2,27,39,22,23,8,1,1,24,19,4,0,63,31,18,20,23,8,89,87,35,10,0,1,13,40.0,40.0,2400,0,0,16,0,0,0
S41G01N11,2022-2023,20221021,창원 LG,19,1,24,35,17,25,11,1,1,21,13,5,2,61,29,20,24,24,6,82,82,30,12,0,3,17,40.0,40.0,2400,1,0,9,0,0,0
S41G01N12,2022-2023,20221022,대구 한국가스공사,20,1,15,43,26,20,4,3,3,25,20,7,4,66,33,18,19,25,12,90,91,27,8,1,2,14,40.0,40.0,2400,0,0,10,0,0,0
S41G01N12,2022-2023,20221022,서울 SK,27,2,19,44,34,21,8,0,0,15,13,7,6,65,42,16,21,26,9,105,80,28,9,0,2,15,40.0,40.0,2400,0,0,17,0,0,0
S41G01N13,2022-2023,20221022,원주 DB,18,3,32,50,27,20,6,0,0,10,9,5,2,70,33,20,23,30,10,81,80,42,9,2,4,14,40.0,40.0,2400,0,0,14,0,0,0
S41G01N13,2022-2023,20221022,수원 KT,12,6,19,37,14,25,6,5,5,25,15,2,2,67,25,14,14,21,13,71,92,32,9,1,6,11,40.0,40.0,2400,0,0,6,0,0,0
S41G01N14,2022-2023,20221022,서울 삼성,17,3,18,37,19,22,9,2,1,18,14,1,2,61,29,20,25,25,8,81,79,26,5,0,3,5,40.0,40.0,2400,0,0,4,0,0,0
S41G01N14,2022-2023,20221022,안양 KGC,14,1,23,35,19,23,8,0,0,23,20,2,0,58,27,18,18,19,9,82,81,32,3,0,3,8,40.0,40.0,2400,0,1,3,0,0,0
S41G01N15,2022-2023,20221022,전주 KCC,21,1,20,41,20,26,10,1,1,20,16,3,4,68,31,18,19,22,14,88,88,34,4,0,5,10,40.0,40.0,2400,0,0,4,0,0,0
S41G01N15,2022-2023,20221022,울산 현대모비스,21,1,22,50,25,27,11,0,0,11,6,5,4,77,36,19,22,23,18,89,88,40,7,0,3,8,40.0,40.0,2400,1,0,7,0,0,0
S41G01N16,2022-2023,20221023,원주 DB,21,2,26,49,19,23,14,2,1,15,10,1,0,74,34,16,18,21,13,92,89,39,6,0,1,8,40.0,40.0,2400,0,0,7,0,0,0
S41G01N16,2022-2023,20221023,서울 SK,15,1,28,55,26,11,5,1,1,23,14,6,4,67,32,18,18,26,13,83,90,41,5,1,0,12,40.0,40.0,2400,0,0,9,0,0,0
S41G01N17,2022-2023,20221023,서울 삼성,20,3,20,37,19,26,9,0,0,22,16,4,0,63,28,20,24,32,13,81,85,33,8,2,1,8,40.0,40.0,2400,0,0,6,0,0,0
S41G01N17,2022-2023,20221023,대구 한국가스공사,11,3,24,43,20,15,3,2,2,23,17,3,0,60,25,19,21,31,14,70,83,38,5,0,2,15,40.0,40.0,2400,0,0,2,0,0,0
S41G01N18,2022-2023,20221023,전주 KCC,23,0,26,56,23,33,15,1,1,9,6,6,4,90,39,14,16,13,23,99,99,49,6,1,6,10,45.0,45.0,2700,0,0,18,0,0,0
S41G01N18,2022-2023,20221023,안양 KGC,23,2,28,36,21,34,15,1,1,10,4,3,0,71,37,18,18,13,9,93,81,37,5,0,0,12,45.0,45.0,2700,0,0,8,0,0,0
S41G01N19,2022-2023,20221024,창원 LG,20,2,27,50,27,16,6,0,0,20,13,4,0,66,33,15,19,16,10,85,86,37,7,0,1,6,40.0,40.0,2400,0,1,14,0,0,0
S41G01N19,2022-2023,20221024,수원 KT,11,2,25,42,16,19,6,4,3,20,10,1,3,65,25,18,22,23,15,66,85,40,5,1,6,14,40.0,40.0,2400,0,0,9,0,0,0
S41G01N20,2022-2023,20221025,서울 SK,21,3,21,44,23,21,7,1,1,19,15,3,4,66,31,17,18,29,7,84,85,28,7,0,4,8,40.0,40.0,2400,0,0,10,0,0,0
S41G01N20,2022-2023,20221025,울산 현대모비스,22,0,25,47,28,21,10,2,1,11,9,2,0,70,39,17,20,20,8,97,81,33,6,0,3,9,40.0,40.0,2400,0,0,10,0,0,0
S41G01N21,2022-2023,20221025,전주 KCC,18,1,25,39,22,32,10,1,1,20,14,6,8,72,33,14,14,16,13,90,92,38,9,0,3,10,40.0,40.0,2400,0,0,12,0,0,0
S41G01N21,2022-2023,20221025,고양 캐롯,20,3,22,31,17,33,15,1,1,12,12,3,2,65,33,19,20,23,5,93,77,27,8,1,6,11,40.0,40.0,2400,0,0,15,0,0,0
S41G01N22,2022-2023,20221027,원주 DB,27,2,18,49,28,18,6,6,6,8,8,8,4,73,40,18,21,23,7,94,81,25,6,0,9,6,40.0,40.0,2400,0,0,8,0,0,0
S41G01N22,2022-2023,20221027,서울 삼성,14,1,19,41,21,25,5,5,4,19,16,1,2,71,30,16,16,35,17,81,90,36,2,1,5,11,40.0,40.0,2400,0,0,2,0,0,0
S41G01N23,2022-2023,20221028,대구 한국가스공사,13,1,26,45,18,14,3,5,4,23,18,5,4,64,25,17,19,25,8,71,87,34,8,0,9,13,40.0,40.0,2400,0,0,11,0,0,0
S41G01N23,2022-2023,20221028,울산 현대모비스,18,3,28,47,22,27,9,1,1,12,8,6,4,75,32,17,19,18,12,81,87,40,8,1,3,9,40.0,40.0,2400,0,0,5,0,0,0
S41G01N24,2022-2023,20221028,창원 LG,13,6,27,43,20,23,7,2,1,23,16,6,4,68,28,18,25,25,13,79,91,40,8,0,4,19,40.0,40.0,2400,0,0,13,0,0,0
S41G01N24,2022-2023,20221028,안양 KGC,15,4,25,37,19,27,8,1,1,23,19,2,4,65,28,17,24,14,10,83,88,35,9,1,2,14,40.0,40.0,2400,0,1,14,0,0,0
S41G01N25,2022-2023,20221029,전주 KCC,17,1,24,47,21,25,7,1,1,22,17,2,0,73,29,18,18,22,15,82,95,39,6,0,3,9,40.0,40.0,2400,0,1,8,0,0,0
S41G01N25,2022-2023,20221029,원주 DB,20,6,28,45,27,20,7,3,2,13,8,6,2,68,36,17,24,24,7,87,81,35,6,1,3,9,40.0,40.0,2400,0,1,8,0,0,0
S41G01N26,2022-2023,20221029,수원 KT,18,3,25,34,14,27,9,1,1,12,12,1,0,62,24,14,14,19,4,69,74,29,4,1,9,12,40.0,40.0,2400,0,0,5,0,0,0
S41G01N26,2022-2023,20221029,고양 캐롯,19,6,26,34,15,28,12,1,1,7,7,5,4,63,28,16,17,22,6,75,70,32,8,1,3,8,40.0,40.0,2400,0,0,12,0,0,0
S41G01N27,2022-2023,20221029,서울 SK,19,8,26,62,26,15,4,2,2,20,18,4,2,79,32,18,27,22,14,86,99,40,4,0,7,9,45.0,45.0,2700,0,0,4,0,0,0
S41G01N27,2022-2023,20221029,서울 삼성,15,5,28,53,20,22,8,1,1,29,24,1,0,76,29,19,20,33,15,90,105,43,4,0,4,6,45.0,45.0,2700,0,0,10,0,0,0
S41G01N28,2022-2023,20221030,안양 KGC,21,5,30,32,14,31,10,1,1,12,10,4,0,64,25,19,19,19,6,70,76,36,7,1,2,9,40.0,40.0,2400,0,0,17,0,0,0
S41G01N28,2022-2023,20221030,수원 KT,10,2,29,47,15,30,6,4,3,19,14,1,0,81,24,18,20,18,21,68,100,50,5,0,9,8,40.0,40.0,2400,0,0,10,0,0,0
S41G01N29,2022-2023,20221030,고양 캐롯,20,1,16,28,16,34,12,1,1,16,13,2,2,63,29,14,15,25,7,83,79,23,9,0,5,12,40.0,40.0,2400,0,0,10,0,0,0
S41G01N29,2022-2023,20221030,대구 한국가스공사,23,3,25,42,26,24,10,3,2,11,6,6,2,69,38,14,15,20,11,92,80,36,10,1,2,10,40.0,40.0,2400,0,0,11,0,0,0
S41G01N30,2022-2023,20221030,창원 LG,18,1,32,38,14,27,10,2,2,22,17,2,0,67,26,19,22,19,13,79,89,45,5,0,1,11,40.0,40.0,2400,0,1,2,0,0,0
S41G01N30,2022-2023,20221030,울산 현대모비스,16,2,27,48,20,15,3,2,2,23,15,6,8,65,25,17,24,24,10,68,88,37,8,0,4,10,40.0,40.0,2400,1,1,2,1,0,0
S41G01N31,2022-2023,20221031,전주 KCC,19,5,25,43,21,20,4,1,1,16,13,2,0,64,26,19,22,22,9,69,80,34,2,2,5,9,40.0,40.0,2400,0,0,3,0,0,0
S41G01N31,2022-2023,20221031,서울 SK,17,1,29,49,24,16,4,0,0,18,15,5,4,65,28,18,20,25,8,75,83,37,6,1,1,7,40.0,40.0,2400,0,0,11,0,0,0
S41G01N32,2022-2023,20221101,창원 LG,10,2,22,48,26,30,11,0,0,13,9,4,2,78,37,18,20,16,17,94,91,39,3,0,4,8,40.0,40.0,2400,0,0,2,0,0,0
S41G01N32,2022-2023,20221101,원주 DB,13,3,21,43,22,24,13,0,0,22,19,2,4,67,35,18,19,22,8,102,89,29,5,0,2,6,40.0,40.0,2400,0,0,8,0,0,0
S41G01N33,2022-2023,20221101,서울 삼성,16,5,18,51,19,17,3,2,2,20,13,0,0,70,24,19,21,28,12,64,90,30,8,0,7,13,40.0,40.0,2400,0,0,11,0,0,0
S41G01N33,2022-2023,20221101,울산 현대모비스,16,4,30,45,25,16,5,1,1,16,14,6,4,62,31,18,20,26,8,81,78,38,10,0,1,13,40.0,40.0,2400,1,0,14,0,0,0
S41G01N34,2022-2023,20221103,대구 한국가스공사,16,1,19,44,22,22,7,0,0,22,16,1,2,66,29,16,19,30,11,81,88,30,4,0,4,9,40.0,40.0,2400,0,0,12,0,0,0
S41G01N34,2022-2023,20221103,수원 KT,19,3,23,30,18,31,15,1,0,19,16,2,4,62,33,18,23,25,7,97,81,30,6,0,4,8,40.0,40.0,2400,0,0,7,0,0,0
S41G01N35,2022-2023,20221103,원주 DB,17,4,23,35,17,29,11,4,4,17,9,2,0,68,32,14,16,28,7,84,85,30,4,0,5,12,40.0,40.0,2400,0,0,8,0,0,0
S41G01N35,2022-2023,20221103,안양 KGC,25,3,32,43,22,33,14,2,1,15,11,5,0,78,37,15,15,19,13,99,93,45,9,0,2,8,40.0,40.0,2400,0,0,11,0,0,0
S41G01N36,2022-2023,20221104,서울 삼성,16,1,32,36,16,23,8,3,3,20,16,2,0,62,27,19,18,27,15,78,82,47,5,2,1,15,40.0,40.0,2400,1,0,7,0,0,0
S41G01N36,2022-2023,20221104,고양 캐롯,18,0,21,37,16,32,9,1,1,16,14,2,2,70,26,17,21,27,8,75,86,29,9,1,5,8,40.0,40.0,2400,0,0,6,0,0,0
S41G01N37,2022-2023,20221105,안양 KGC,18,2,28,31,14,32,9,5,5,15,8,4,0,68,28,20,20,13,12,73,83,40,7,0,5,13,40.0,40.0,2400,0,0,7,0,0,0
S41G01N37,2022-2023,20221105,대구 한국가스공사,15,1,26,47,23,27,6,0,0,8,8,6,2,74,29,16,21,15,13,72,82,39,8,1,3,10,40.0,40.0,2400,0,0,17,0,0,0
S41G01N38,2022-2023,20221105,수원 KT,21,3,20,39,19,27,9,1,1,8,6,5,0,67,29,18,21,27,9,73,75,29,7,0,3,8,40.0,40.0,2400,0,0,8,0,0,0
S41G01N38,2022-2023,20221105,전주 KCC,20,1,28,49,24,19,10,0,0,13,10,5,4,68,34,15,15,23,12,88,81,40,4,0,3,10,40.0,40.0,2400,0,0,7,0,0,0
S41G01N39,2022-2023,20221105,원주 DB,21,4,26,54,26,15,5,4,4,19,11,6,4,73,35,18,20,23,15,86,92,41,7,0,3,9,40.0,40.0,2400,0,0,8,0,0,0
S41G01N39,2022-2023,20221105,울산 현대모비스,21,4,25,51,25,21,5,0,0,23,16,7,2,72,30,19,20,15,16,81,95,41,8,0,2,9,40.0,40.0,2400,0,1,8,0,0,0
S41G01N40,2022-2023,20221106,서울 삼성,17,0,30,40,19,25,8,0,0,10,9,2,0,65,27,20,22,24,10,71,75,40,4,0,1,9,40.0,40.0,2400,0,0,7,0,0,0
S41G01N40,2022-2023,20221106,전주 KCC,14,0,26,40,13,28,7,0,0,20,15,0,0,68,20,16,17,23,18,62,88,44,4,2,1,8,40.0,40.0,2400,0,0,5,0,0,0
S41G01N41,2022-2023,20221106,대구 한국가스공사,12,4,18,49,23,11,3,1,0,11,7,4,2,61,26,18,19,25,8,62,72,26,10,1,2,12,40.0,40.0,2400,0,0,12,0,0,0
S41G01N41,2022-2023,20221106,창원 LG,14,4,27,36,22,25,8,0,0,11,8,4,4,61,30,14,14,14,11,76,72,38,8,1,3,16,40.0,40.0,2400,0,0,12,0,0,0
S41G01N42,2022-2023,20221106,고양 캐롯,23,3,25,39,24,30,17,0,0,20,13,1,0,69,41,18,21,28,9,112,89,34,6,0,2,7,40.0,40.0,2400,1,0,9,0,0,0
S41G01N42,2022-2023,20221106,울산 현대모비스,27,0,21,45,23,25,9,0,0,23,15,0,0,70,32,17,21,21,11,88,93,32,5,0,3,6,40.0,40.0,2400,0,1,0,0,0,0
S41G01N43,2022-2023,20221106,수원 KT,17,3,28,39,20,22,10,1,1,7,4,2,0,62,31,16,16,27,8,76,69,36,2,0,1,10,40.0,40.0,2400,0,0,2,0,0,0
S41G01N43,2022-2023,20221106,서울 SK,17,2,23,40,18,26,8,1,1,16,12,3,0,67,27,16,17,21,12,74,83,35,6,1,1,4,40.0,40.0,2400,0,0,4,0,0,0
S41G01N44,2022-2023,20221110,고양 캐롯,17,2,20,46,27,28,13,2,2,7,5,5,2,76,42,17,17,25,11,102,83,31,8,0,3,8,40.0,40.0,2400,0,0,14,0,0,0
S41G01N44,2022-2023,20221110,서울 SK,16,1,20,48,28,19,6,2,2,19,14,5,8,69,36,17,17,22,10,92,88,30,6,0,5,11,40.0,40.0,2400,0,0,9,0,0,0
S41G01N45,2022-2023,20221110,안양 KGC,9,5,25,35,17,24,4,1,1,14,12,5,6,60,22,15,16,23,11,60,74,36,8,0,3,16,40.0,40.0,2400,0,0,9,0,0,0
S41G01N45,2022-2023,20221110,서울 삼성,11,2,24,45,19,23,6,2,2,12,7,1,0,70,27,18,20,29,16,67,82,40,13,0,4,13,40.0,40.0,2400,0,0,11,0,0,0
S41G01N46,2022-2023,20221112,전주 KCC,17,1,25,48,22,18,8,0,0,20,20,3,4,66,30,17,17,19,12,88,86,37,5,0,4,10,40.0,40.0,2400,0,0,7,0,0,0
S41G01N46,2022-2023,20221112,원주 DB,12,2,20,45,27,28,3,1,1,12,8,3,4,74,31,17,18,23,17,73,86,37,7,1,2,8,40.0,40.0,2400,1,0,9,0,0,0
S41G01N47,2022-2023,20221113,서울 삼성,15,1,25,40,15,17,7,3,3,21,15,1,0,60,25,18,22,35,6,72,81,31,4,1,3,10,40.0,40.0,2400,0,0,10,0,0,0
S41G01N47,2022-2023,20221113,고양 캐롯,18,2,27,35,16,26,11,0,0,24,16,4,4,61,27,17,19,37,9,81,85,36,5,0,4,10,40.0,40.0,2400,0,0,5,0,0,0
S41G01N48,2022-2023,20221113,창원 LG,14,3,17,43,20,23,7,0,0,6,4,5,2,66,27,17,21,18,8,65,72,25,7,0,3,12,40.0,40.0,2400,0,0,7,0,0,0
S41G01N48,2022-2023,20221113,서울 SK,20,6,28,45,24,14,6,2,2,26,20,4,2,61,32,17,17,21,10,90,87,38,7,0,3,10,40.0,40.0,2400,0,0,6,0,0,0
S41G01N49,2022-2023,20221116,안양 KGC,18,3,21,43,23,31,8,2,2,18,11,6,6,76,33,18,23,21,11,85,94,32,5,1,7,9,40.0,40.0,2400,0,0,9,0,0,0
S41G01N49,2022-2023,20221116,울산 현대모비스,20,2,30,49,25,23,8,0,0,22,18,7,2,72,33,17,21,19,12,92,94,42,7,2,3,10,40.0,40.0,2400,0,0,10,0,0,0
S41G01N50,2022-2023,20221116,서울 SK,17,5,17,49,23,27,8,0,0,13,8,7,4,76,31,19,21,24,18,78,89,35,9,0,7,8,40.0,40.0,2400,0,0,16,0,0,0
S41G01N50,2022-2023,20221116,전주 KCC,12,1,25,42,19,24,6,0,0,13,12,3,2,66,25,15,15,21,17,68,79,42,3,1,2,13,40.0,40.0,2400,0,0,2,0,0,0
S41G01N51,2022-2023,20221117,대구 한국가스공사,11,1,24,42,20,20,2,4,4,15,12,2,2,66,26,13,16,24,10,66,81,34,5,1,4,9,40.0,40.0,2400,0,0,4,0,0,0
S41G01N51,2022-2023,20221117,고양 캐롯,21,7,26,27,20,37,13,1,1,12,9,1,0,65,34,17,19,23,5,90,77,31,7,1,4,7,40.0,40.0,2400,0,0,10,0,0,0
S41G01N52,2022-2023,20221117,서울 삼성,7,4,26,39,17,15,4,3,3,18,14,2,0,57,24,17,18,25,8,66,75,34,4,1,2,8,40.0,40.0,2400,0,0,2,0,0,0
S41G01N52,2022-2023,20221117,수원 KT,15,1,23,43,15,23,5,2,2,19,13,5,0,68,22,15,19,18,17,62,87,40,5,1,6,8,40.0,40.0,2400,0,0,2,0,0,0
S41G01N53,2022-2023,20221118,전주 KCC,16,0,31,55,20,14,5,0,0,12,7,5,2,69,25,17,19,16,8,62,81,39,8,0,2,9,40.0,40.0,2400,0,0,7,0,0,0
S41G01N53,2022-2023,20221118,창원 LG,11,2,34,36,12,27,9,0,0,16,12,2,0,63,21,17,17,21,13,63,79,47,4,0,1,14,40.0,40.0,2400,0,0,3,0,0,0
S41G01N54,2022-2023,20221118,원주 DB,9,3,33,52,26,30,7,2,1,3,3,3,2,84,34,17,19,29,21,78,87,54,6,0,4,13,40.0,40.0,2400,0,0,7,0,0,0
S41G01N54,2022-2023,20221118,안양 KGC,19,9,25,38,17,24,9,2,1,24,17,3,2,64,27,16,16,17,5,80,88,30,7,0,1,7,40.0,40.0,2400,0,0,8,0,0,0
S41G01N55,2022-2023,20221119,울산 현대모비스,23,2,22,37,27,26,6,0,0,22,14,6,2,63,33,17,20,20,10,86,85,32,6,0,5,10,40.0,40.0,2400,0,0,14,0,0,0
S41G01N55,2022-2023,20221119,서울 삼성,14,0,23,44,26,13,2,0,0,25,19,1,2,57,28,18,20,33,4,77,82,27,6,0,4,10,40.0,40.0,2400,0,0,10,0,0,0
S41G01N56,2022-2023,20221119,서울 SK,13,1,22,44,16,19,6,4,4,28,18,6,5,67,26,16,15,19,13,76,95,35,9,0,6,9,40.0,40.0,2400,1,0,10,0,0,0
S41G01N56,2022-2023,20221119,대구 한국가스공사,17,3,28,37,22,26,7,3,3,13,10,4,2,66,32,19,21,22,9,81,79,37,6,0,4,14,40.0,40.0,2400,0,0,8,0,0,0
S41G01N57,2022-2023,20221119,고양 캐롯,9,2,17,22,12,40,12,1,1,11,8,4,2,63,25,14,15,16,7,70,74,24,9,1,5,7,40.0,40.0,2400,0,1,8,0,0,0
S41G01N57,2022-2023,20221119,수원 KT,15,2,27,35,20,32,5,4,4,13,9,6,2,71,29,18,20,14,20,72,84,47,5,0,6,14,40.0,40.0,2400,0,0,2,0,0,0
S41G01N58,2022-2023,20221120,울산 현대모비스,23,1,32,45,24,17,9,1,1,15,8,7,6,63,34,17,18,23,11,85,78,43,4,1,2,12,40.0,40.0,2400,0,0,2,0,0,0
S41G01N58,2022-2023,20221120,대구 한국가스공사,16,1,20,45,24,21,4,2,2,15,8,4,2,68,30,15,15,27,8,72,83,28,6,0,3,7,40.0,40.0,2400,0,0,9,0,0,0
S41G01N59,2022-2023,20221120,창원 LG,14,1,23,38,15,22,7,1,1,14,14,2,2,61,23,19,19,19,7,67,75,30,9,1,5,16,40.0,40.0,2400,0,0,11,0,0,0
S41G01N59,2022-2023,20221120,안양 KGC,18,6,26,45,24,24,7,3,3,14,9,8,6,72,34,18,17,13,11,84,86,37,10,0,5,11,40.0,40.0,2400,0,2,22,0,0,0
S41G01N60,2022-2023,20221120,고양 캐롯,15,2,22,28,15,41,15,1,1,8,5,1,0,70,31,12,12,19,12,82,78,34,10,0,2,11,40.0,40.0,2400,0,0,14,0,0,0
S41G01N60,2022-2023,20221120,원주 DB,16,2,27,41,23,19,6,2,2,14,9,4,4,62,31,15,15,23,7,77,76,34,9,1,4,14,40.0,40.0,2400,0,0,12,0,0,0
S41G01N61,2022-2023,20221120,서울 SK,18,4,24,54,23,13,2,3,3,13,11,9,6,70,28,14,15,21,10,69,83,34,5,1,4,6,40.0,40.0,2400,0,0,10,0,0,0
S41G01N61,2022-2023,20221120,수원 KT,20,4,31,38,18,35,12,1,1,11,7,5,2,74,31,18,19,16,19,81,85,50,6,1,1,11,40.0,40.0,2400,0,0,4,0,0,0
S41G01N62,2022-2023,20221121,서울 삼성,17,3,19,41,21,22,5,3,3,13,9,3,2,66,29,19,24,25,14,72,79,33,7,0,2,12,40.0,40.0,2400,0,0,9,0,0,0
S41G01N62,2022-2023,20221121,전주 KCC,18,1,25,50,23,11,5,0,0,21,17,6,2,61,28,18,18,19,12,78,82,37,6,1,1,9,40.0,40.0,2400,0,0,7,0,0,0
S41G01N63,2022-2023,20221122,원주 DB,14,3,24,50,16,16,7,5,5,18,14,5,0,71,28,15,18,21,17,77,89,41,7,0,2,11,40.0,40.0,2400,0,0,13,0,0,0
S41G01N63,2022-2023,20221122,창원 LG,14,6,27,40,18,28,11,0,0,17,12,4,2,68,29,16,15,19,15,81,85,42,7,0,2,11,40.0,40.0,2400,1,0,12,0,0,0
S41G01N64,2022-2023,20221123,전주 KCC,16,4,20,44,24,19,5,3,3,19,13,3,0,66,32,16,18,25,9,82,85,29,6,0,4,3,40.0,40.0,2400,0,0,8,0,0,0
S41G01N64,2022-2023,20221123,안양 KGC,17,3,27,40,20,26,10,1,1,17,12,1,0,67,31,19,22,20,16,84,84,43,2,1,2,9,40.0,40.0,2400,0,0,0,0,0,0
S41G01N65,2022-2023,20221124,서울 SK,22,5,30,59,30,14,3,3,3,24,17,10,4,76,36,18,20,23,10,92,100,40,5,0,4,6,40.0,40.0,2400,0,0,6,0,0,0
S41G01N65,2022-2023,20221124,울산 현대모비스,25,2,26,62,29,20,7,0,0,20,11,7,6,82,36,18,22,17,14,90,102,40,5,0,5,7,40.0,40.0,2400,0,0,7,0,0,0
S41G01N66,2022-2023,20221124,수원 KT,13,0,23,35,15,25,12,0,0,28,22,7,8,60,27,16,19,19,7,88,88,30,15,2,2,8,40.0,40.0,2400,0,0,18,0,0,0
S41G01N66,2022-2023,20221124,원주 DB,17,3,24,39,22,22,9,0,0,12,7,0,0,61,31,18,23,25,7,78,73,31,4,0,7,16,40.0,40.0,2400,0,0,10,0,0,0
S41G01N67,2022-2023,20221125,대구 한국가스공사,23,4,30,37,23,19,13,2,1,22,19,4,2,58,37,18,22,19,6,106,80,36,3,0,2,8,40.0,40.0,2400,0,0,8,0,0,0
S41G01N67,2022-2023,20221125,서울 삼성,13,2,14,35,19,28,9,0,0,18,10,3,5,63,28,19,20,26,5,75,81,19,5,0,4,7,40.0,40.0,2400,0,0,5,0,0,0
S41G01N68,2022-2023,20221125,안양 KGC,18,0,28,39,22,32,10,2,2,14,8,4,2,73,34,16,17,16,16,86,87,44,7,0,2,14,40.0,40.0,2400,0,0,11,0,0,0
S41G01N68,2022-2023,20221125,고양 캐롯,12,1,21,29,17,31,12,1,1,11,7,5,4,61,30,16,16,21,5,79,72,26,8,0,2,15,40.0,40.0,2400,0,0,25,0,0,0
S41G01N69,2022-2023,20221126,서울 SK,17,4,22,49,19,24,12,1,1,15,9,1,2,74,32,16,17,17,13,85,89,35,7,0,3,8,40.0,40.0,2400,0,0,10,0,0,0
S41G01N69,2022-2023,20221126,원주 DB,16,0,30,38,19,20,9,3,3,16,10,4,2,61,31,18,22,18,9,81,77,39,4,2,2,14,40.0,40.0,2400,0,0,4,0,0,0
S41G01N70,2022-2023,20221126,울산 현대모비스,14,3,31,56,29,19,7,0,0,12,6,4,2,75,36,18,19,18,10,85,87,41,4,0,4,7,40.0,40.0,2400,0,0,12,0,0,0
S41G01N70,2022-2023,20221126,전주 KCC,12,2,30,44,20,20,4,1,1,18,14,6,4,65,25,17,17,20,4,68,83,34,5,2,2,7,40.0,40.0,2400,0,0,8,0,0,0
S41G01N71,2022-2023,20221126,수원 KT,10,1,20,31,11,30,10,1,1,22,17,3,5,62,22,15,15,11,8,71,84,28,4,0,4,10,40.0,40.0,2400,0,0,10,0,0,0
S41G01N71,2022-2023,20221126,창원 LG,20,3,28,54,30,16,5,3,2,9,4,3,0,73,37,20,21,16,16,83,82,44,5,1,4,9,40.0,40.0,2400,0,0,18,0,0,0
S41G01N72,2022-2023,20221127,안양 KGC,22,1,27,31,19,28,12,2,2,16,12,2,0,61,33,16,16,16,7,90,77,34,7,2,5,15,40.0,40.0,2400,0,0,4,0,0,0
S41G01N72,2022-2023,20221127,서울 SK,17,3,17,44,25,28,7,2,2,13,9,5,4,74,34,17,21,15,11,84,87,28,11,1,3,8,40.0,40.0,2400,0,0,22,0,0,0
S41G01N73,2022-2023,20221128,울산 현대모비스,24,1,28,39,21,21,7,0,0,27,15,6,4,60,28,20,21,19,9,78,87,37,3,0,3,13,40.0,40.0,2400,1,0,4,0,0,0
S41G01N73,2022-2023,20221128,창원 LG,20,4,30,46,25,16,6,1,1,23,16,4,4,63,32,19,26,17,2,86,86,32,7,0,1,6,40.0,40.0,2400,0,0,4,0,0,0
S41G01N74,2022-2023,20221129,고양 캐롯,12,3,23,29,16,41,9,2,1,10,7,1,2,72,26,16,16,25,14,68,82,37,7,2,2,14,40.0,40.0,2400,0,0,4,0,0,0
S41G01N74,2022-2023,20221129,서울 SK,25,4,27,48,28,23,7,2,2,19,12,8,2,73,37,17,17,17,13,93,92,40,11,0,5,9,40.0,40.0,2400,0,0,18,0,0,0
S41G01N75,2022-2023,20221130,서울 삼성,14,3,26,43,20,16,6,2,2,20,13,1,0,61,28,20,25,33,11,75,81,37,9,1,1,16,40.0,40.0,2400,0,0,11,0,0,0
S41G01N75,2022-2023,20221130,창원 LG,11,1,22,40,19,17,4,0,0,23,20,2,0,57,23,17,24,21,7,70,80,29,11,1,3,13,40.0,40.0,2400,0,0,12,0,0,0
S41G01N76,2022-2023,20221201,대구 한국가스공사,29,7,28,36,20,29,15,0,0,8,7,7,0,65,35,19,22,24,10,92,73,38,9,0,3,15,40.0,40.0,2400,0,0,13,0,0,0
S41G01N76,2022-2023,20221201,전주 KCC,19,2,20,43,19,19,4,2,2,21,17,4,0,64,25,13,14,16,8,71,85,28,6,0,3,11,40.0,40.0,2400,0,0,8,0,0,0
S41G01N77,2022-2023,20221201,수원 KT,13,4,25,32,16,38,12,0,0,20,14,1,0,70,28,16,19,21,13,82,90,38,2,0,5,8,40.0,40.0,2400,0,0,0,0,0,0
S41G01N77,2022-2023,20221201,안양 KGC,18,1,26,47,24,23,9,2,2,19,13,2,0,72,35,18,20,17,9,92,91,35,5,0,6,3,40.0,40.0,2400,0,0,4,0,0,0
S41G01N78,2022-2023,20221202,원주 DB,11,2,26,47,22,16,4,2,2,8,5,3,0,65,28,15,15,15,8,65,73,34,3,0,6,11,40.0,40.0,2400,0,0,9,0,0,0
S41G01N78,2022-2023,20221202,서울 삼성,18,5,28,42,20,22,4,2,2,7,6,2,0,66,26,18,19,30,6,62,73,34,6,1,4,9,40.0,40.0,2400,0,0,11,0,0,0
S41G01N79,2022-2023,20221202,울산 현대모비스,14,2,28,58,29,11,3,0,0,9,7,3,6,69,32,14,15,17,13,74,78,41,3,0,5,14,40.0,40.0,2400,0,1,4,0,0,0
S41G01N79,2022-2023,20221202,고양 캐롯,18,6,20,35,19,28,7,2,2,18,12,3,2,65,28,14,14,15,7,75,83,27,9,0,3,6,40.0,40.0,2400,0,0,11,0,0,0
S41G01N80,2022-2023,20221203,창원 LG,23,1,24,48,26,23,8,5,5,16,12,5,4,76,39,18,18,13,16,98,92,40,3,1,3,7,40.0,40.0,2400,0,1,4,0,0,0
S41G01N80,2022-2023,20221203,서울 SK,22,0,20,44,27,20,11,0,0,19,13,9,6,64,38,18,18,20,4,100,83,24,3,0,1,6,40.0,40.0,2400,0,1,8,0,0,0
S41G01N81,2022-2023,20221203,대구 한국가스공사,17,3,23,37,16,23,11,1,1,20,16,2,4,61,28,19,22,25,8,83,81,31,6,1,1,8,40.0,40.0,2400,0,0,12,0,0,0
S41G01N81,2022-2023,20221203,안양 KGC,15,1,24,37,18,33,10,1,1,12,10,1,2,71,29,18,20,18,12,78,83,36,4,0,6,11,40.0,40.0,2400,0,2,2,0,0,0
S41G01N82,2022-2023,20221203,전주 KCC,22,0,19,46,34,13,9,1,0,19,14,4,4,60,43,17,17,21,10,109,79,29,4,0,1,9,40.0,40.0,2400,1,0,8,0,0,0
S41G01N82,2022-2023,20221203,수원 KT,17,0,8,40,20,26,10,1,1,22,16,1,0,67,31,14,17,20,15,88,89,23,5,1,2,8,40.0,40.0,2400,0,0,11,0,0,0
S41G01N83,2022-2023,20221204,서울 삼성,14,2,27,36,17,23,9,2,2,13,8,1,0,61,28,19,22,35,6,73,74,33,3,1,4,9,40.0,40.0,2400,0,0,14,0,0,0
S41G01N83,2022-2023,20221204,안양 KGC,11,4,24,38,16,27,8,1,1,23,19,2,2,66,25,19,19,19,12,77,89,36,3,1,6,8,40.0,40.0,2400,0,0,7,0,0,0
S41G01N84,2022-2023,20221204,고양 캐롯,17,0,22,34,14,34,12,0,0,25,20,3,2,68,26,19,21,16,13,84,93,35,6,0,4,8,40.0,40.0,2400,0,0,12,0,0,0
S41G01N84,2022-2023,20221204,창원 LG,20,4,29,41,24,14,6,1,1,24,17,5,2,56,31,16,21,21,7,85,80,36,6,0,0,9,40.0,40.0,2400,0,0,6,0,0,0
S41G01N85,2022-2023,20221204,수원 KT,16,1,22,33,10,26,9,1,1,16,14,1,0,60,20,16,16,24,10,63,76,32,3,0,2,11,40.0,40.0,2400,0,0,6,0,0,0
S41G01N85,2022-2023,20221204,대구 한국가스공사,12,5,28,45,26,15,4,1,1,7,5,4,6,61,31,17,19,26,6,71,68,34,9,0,3,10,40.0,40.0,2400,0,0,13,0,0,0
S41G01N86,2022-2023,20221205,원주 DB,14,2,20,64,30,14,1,0,0,8,7,3,4,78,31,19,21,18,15,70,86,35,7,0,6,18,40.0,40.0,2400,0,0,14,0,0,0
S41G01N86,2022-2023,20221205,울산 현대모비스,16,1,28,49,28,18,4,0,0,20,15,3,2,67,32,18,19,20,12,83,87,40,10,2,3,14,40.0,40.0,2400,1,0,16,0,0,0
S41G01N87,2022-2023,20221206,서울 SK,21,3,26,34,16,18,6,5,5,33,23,11,6,57,27,15,22,20,7,83,90,33,8,0,3,9,40.0,40.0,2400,0,0,11,0,0,0
S41G01N87,2022-2023,20221206,서울 삼성,17,0,23,42,18,22,8,4,4,14,10,3,0,68,30,14,24,29,10,78,82,33,6,1,5,11,40.0,40.0,2400,0,0,8,0,0,0
S41G01N88,2022-2023,20221207,창원 LG,19,3,19,47,29,17,3,2,2,22,15,5,4,66,34,20,21,28,13,86,88,32,10,2,6,10,40.0,40.0,2400,0,0,16,0,0,0
S41G01N88,2022-2023,20221207,대구 한국가스공사,15,2,19,38,22,21,6,3,3,14,8,2,4,62,31,19,25,28,9,76,76,28,7,2,5,14,40.0,40.0,2400,0,0,14,0,0,0
S41G01N89,2022-2023,20221208,고양 캐롯,16,1,25,34,11,41,16,0,0,7,6,4,2,75,27,15,15,17,13,76,82,38,4,0,2,10,40.0,40.0,2400,0,0,5,0,0,0
S41G01N89,2022-2023,20221208,전주 KCC,23,1,33,45,21,17,8,4,3,14,12,7,0,66,32,12,11,14,8,84,80,41,8,2,1,8,40.0,40.0,2400,0,1,8,0,0,0
S41G01N90,2022-2023,20221208,울산 현대모비스,23,3,21,43,24,20,9,0,0,18,16,3,2,63,33,16,17,27,8,91,81,29,12,0,4,15,40.0,40.0,2400,0,0,15,0,0,0
S41G01N90,2022-2023,20221208,수원 KT,19,1,19,44,29,21,5,1,1,8,7,3,4,66,35,16,20,22,5,82,74,24,7,1,5,15,40.0,40.0,2400,0,0,14,0,0,0
S41G01N91,2022-2023,20221209,대구 한국가스공사,21,3,23,35,19,23,7,2,2,23,14,2,0,60,28,17,17,23,13,77,83,36,3,2,5,14,40.0,40.0,2400,0,0,4,0,0,0
S41G01N91,2022-2023,20221209,원주 DB,16,0,20,49,24,18,4,0,0,14,12,4,2,67,28,18,19,24,13,72,81,33,11,1,3,9,40.0,40.0,2400,1,0,14,0,0,0
S41G01N92,2022-2023,20221210,서울 SK,14,1,22,49,27,18,6,0,0,20,11,6,4,67,33,17,18,20,10,83,87,32,5,0,6,12,40.0,40.0,2400,1,0,9,0,0,0
S41G01N92,2022-2023,20221210,전주 KCC,21,2,24,45,25,23,9,0,0,13,11,2,2,68,34,19,23,18,11,88,81,35,8,1,0,9,40.0,40.0,2400,0,0,4,0,0,0
S41G01N93,2022-2023,20221210,창원 LG,15,4,18,54,22,13,3,3,3,19,10,3,0,70,28,20,22,21,17,69,89,35,12,1,2,10,40.0,40.0,2400,0,0,19,0,0,0
S41G01N93,2022-2023,20221210,수원 KT,17,3,28,30,15,18,6,6,6,26,21,1,0,54,27,19,22,17,5,81,80,33,4,1,5,14,40.0,40.0,2400,0,0,2,0,0,0
S41G01N94,2022-2023,20221210,울산 현대모비스,20,5,30,38,19,27,5,2,2,18,14,7,6,67,26,16,19,29,9,71,85,39,7,0,4,10,40.0,40.0,2400,0,1,11,0,0,0
S41G01N94,2022-2023,20221210,고양 캐롯,13,2,28,38,14,26,11,2,2,14,12,1,0,66,27,17,18,23,7,77,80,35,3,0,4,10,40.0,40.0,2400,0,0,3,0,0,0
S41G01N95,2022-2023,20221211,창원 LG,17,0,28,54,28,19,2,3,2,18,11,7,4,76,32,17,18,22,19,77,94,47,11,2,4,8,40.0,40.0,2400,0,0,13,0,0,0
S41G01N95,2022-2023,20221211,서울 삼성,9,2,27,41,17,15,3,3,3,11,6,3,0,59,23,18,21,28,4,55,70,31,4,0,6,16,40.0,40.0,2400,0,0,11,0,0,0
S41G01N96,2022-2023,20221211,대구 한국가스공사,19,1,23,36,21,25,12,4,4,18,14,2,2,65,37,19,21,22,7,100,83,30,6,1,5,15,40.0,40.0,2400,0,0,12,0,0,0
S41G01N96,2022-2023,20221211,안양 KGC,15,3,17,40,26,28,10,0,0,16,13,6,5,68,36,17,20,18,7,95,84,24,8,0,2,11,40.0,40.0,2400,0,0,17,0,0,0
S41G01N97,2022-2023,20221211,원주 DB,13,2,21,48,21,19,4,2,2,13,10,4,4,69,27,19,20,19,12,68,82,33,10,0,5,18,40.0,40.0,2400,0,0,12,0,0,0
S41G01N97,2022-2023,20221211,서울 SK,24,1,29,42,21,22,12,3,2,18,15,7,2,67,35,16,17,17,8,97,85,37,15,1,2,12,40.0,40.0,2400,0,0,21,0,0,0
S41G01N98,2022-2023,20221212,전주 KCC,21,1,24,34,19,18,8,2,2,15,13,2,2,54,29,18,18,22,5,79,69,29,6,0,1,13,40.0,40.0,2400,0,0,11,0,0,0
S41G01N98,2022-2023,20221212,울산 현대모비스,22,2,17,41,21,22,9,2,2,16,10,5,4,65,32,15,16,18,12,83,81,29,10,2,3,8,40.0,40.0,2400,0,0,18,0,0,0
S41G01N99,2022-2023,20221213,원주 DB,15,1,23,51,28,13,6,2,2,14,13,3,4,66,36,18,23,22,11,91,80,34,5,0,5,12,40.0,40.0,2400,0,0,10,0,0,0
S41G01N99,2022-2023,20221213,고양 캐롯,12,3,17,28,13,35,13,1,1,16,15,1,2,64,27,16,17,23,7,82,80,24,5,0,4,10,40.0,40.0,2400,0,0,7,0,0,0
S41G01N100,2022-2023,20221214,대구 한국가스공사,20,2,27,35,21,25,10,1,1,19,15,4,0,61,32,21,24,21,7,89,80,34,6,1,3,5,40.0,40.0,2400,0,0,9,0,0,0
S41G01N100,2022-2023,20221214,서울 삼성,21,0,20,38,15,25,12,1,1,22,13,2,0,64,28,16,17,26,8,81,86,28,4,1,3,6,40.0,40.0,2400,1,0,2,0,0,0
S41G01N101,2022-2023,20221215,수원 KT,15,0,22,42,17,28,9,2,2,10,6,6,2,72,28,18,18,24,15,71,82,37,7,0,1,9,40.0,40.0,2400,0,0,8,0,0,0
S41G01N101,2022-2023,20221215,서울 SK,16,3,28,51,26,15,5,1,1,12,10,5,4,67,32,17,17,23,11,79,79,39,6,1,3,9,40.0,40.0,2400,0,0,7,0,0,0
S41G01N102,2022-2023,20221215,안양 KGC,19,0,21,46,24,23,6,3,3,11,8,4,4,72,33,15,18,16,13,80,83,34,5,0,2,7,40.0,40.0,2400,0,0,6,0,0,0
S41G01N102,2022-2023,20221215,전주 KCC,25,2,25,35,22,24,12,0,0,14,12,2,0,59,34,17,17,23,3,92,73,28,4,1,3,11,40.0,40.0,2400,0,0,6,0,0,0
S41G01N103,2022-2023,20221216,울산 현대모비스,24,2,26,48,27,15,4,3,3,19,17,4,2,66,34,15,16,34,10,89,85,36,9,2,4,13,40.0,40.0,2400,1,0,8,0,0,0
S41G01N103,2022-2023,20221216,원주 DB,20,0,16,66,29,6,2,0,0,16,11,5,4,72,31,18,18,25,13,75,88,29,9,0,7,12,40.0,40.0,2400,0,0,7,0,0,0
S41G01N104,2022-2023,20221216,대구 한국가스공사,11,3,22,52,20,13,4,2,1,19,15,2,2,67,25,14,16,25,11,69,86,33,7,0,2,6,40.0,40.0,2400,0,0,7,0,0,0
S41G01N104,2022-2023,20221216,창원 LG,20,5,31,50,26,15,6,2,1,10,8,1,0,67,33,17,18,21,12,80,77,43,5,0,1,10,40.0,40.0,2400,0,0,9,0,0,0
S41G01N105,2022-2023,20221217,고양 캐롯,23,2,22,31,15,35,21,3,3,9,7,2,0,69,39,16,18,16,7,106,78,29,9,0,2,9,40.0,40.0,2400,0,0,11,0,0,0
S41G01N105,2022-2023,20221217,서울 SK,15,1,20,44,27,24,7,1,0,14,9,4,2,69,34,17,17,23,13,84,83,33,7,1,2,12,40.0,40.0,2400,0,0,6,0,0,0
S41G01N106,2022-2023,20221217,수원 KT,17,2,25,36,15,37,12,1,1,11,9,2,4,74,28,16,16,18,11,77,85,36,5,0,4,4,40.0,40.0,2400,0,0,4,0,0,0
S41G01N106,2022-2023,20221217,안양 KGC,23,6,30,41,23,26,11,1,1,10,8,3,0,68,35,18,18,19,5,89,78,35,3,0,4,5,40.0,40.0,2400,1,0,0,0,0,0
S41G01N107,2022-2023,20221217,전주 KCC,12,1,16,38,18,22,6,1,1,20,16,5,4,61,25,18,18,24,7,72,81,23,7,0,1,6,40.0,40.0,2400,0,0,13,0,0,0
S41G01N107,2022-2023,20221217,서울 삼성,18,4,29,37,23,18,8,4,4,12,9,4,0,59,35,17,22,25,7,87,71,36,3,2,2,10,40.0,40.0,2400,0,0,2,0,0,0
S41G01N108,2022-2023,20221218,대구 한국가스공사,13,1,13,36,23,23,6,0,0,22,16,2,0,59,29,18,18,25,5,80,81,18,6,1,3,9,40.0,40.0,2400,0,0,4,0,0,0
S41G01N108,2022-2023,20221218,원주 DB,28,2,22,31,21,27,15,3,3,20,18,3,0,61,39,18,19,23,8,111,81,30,6,0,3,10,40.0,40.0,2400,0,0,8,0,0,0
S41G01N109,2022-2023,20221218,안양 KGC,17,4,26,40,14,34,14,1,1,12,9,2,2,75,29,13,13,12,17,81,87,43,3,1,4,11,40.0,40.0,2400,0,0,3,0,0,0
S41G01N109,2022-2023,20221218,서울 SK,14,1,24,42,23,25,8,2,2,11,8,6,4,69,33,17,17,19,7,82,80,31,10,0,4,5,40.0,40.0,2400,0,0,14,0,0,0
S41G01N110,2022-2023,20221218,창원 LG,16,2,31,49,24,17,5,2,2,23,12,2,2,68,31,18,18,24,14,79,91,45,5,0,5,11,40.0,40.0,2400,1,0,12,0,0,0
S41G01N110,2022-2023,20221218,고양 캐롯,15,2,23,33,17,35,9,0,0,16,12,1,0,68,26,18,21,14,8,73,84,31,9,0,3,9,40.0,40.0,2400,0,0,15,0,0,0
S41G01N111,2022-2023,20221219,울산 현대모비스,18,2,16,41,20,18,5,1,1,20,11,5,2,60,26,19,20,19,11,68,80,27,7,0,3,13,40.0,40.0,2400,0,0,12,0,0,0
S41G01N111,2022-2023,20221219,서울 삼성,17,3,18,38,20,15,5,4,3,22,17,2,0,57,28,19,20,21,9,78,79,27,6,1,10,14,40.0,40.0,2400,0,0,7,0,0,0
S41G01N112,2022-2023,20221220,전주 KCC,19,5,21,44,27,21,8,1,1,13,9,5,6,66,36,15,17,18,8,89,79,29,5,0,9,11,40.0,40.0,2400,0,0,9,0,0,0
S41G01N112,2022-2023,20221220,수원 KT,20,1,17,51,22,20,6,2,2,14,11,5,0,73,30,18,18,25,17,77,87,34,8,0,4,10,40.0,40.0,2400,0,0,10,0,0,0
S41G01N113,2022-2023,20221221,대구 한국가스공사,15,3,25,42,24,24,7,0,0,8,4,3,2,66,31,18,18,20,6,73,74,31,7,0,3,11,40.0,40.0,2400,1,0,14,0,0,0
S41G01N113,2022-2023,20221221,서울 SK,12,0,28,40,19,22,8,3,3,15,10,8,12,65,30,17,17,17,8,78,80,36,8,2,1,10,40.0,40.0,2400,0,0,13,0,0,0
S41G01N114,2022-2023,20221222,고양 캐롯,18,3,29,34,19,30,14,0,0,17,13,3,0,64,33,17,17,21,6,93,81,35,7,0,3,8,40.0,40.0,2400,0,0,12,0,0,0
S41G01N114,2022-2023,20221222,서울 삼성,17,1,20,40,14,23,9,1,1,16,15,4,0,64,24,16,18,25,8,72,80,28,5,0,5,10,40.0,40.0,2400,0,0,9,0,0,0
S41G01N115,2022-2023,20221222,원주 DB,17,1,23,45,21,22,6,3,2,18,8,2,2,70,29,18,17,22,12,72,88,35,10,0,3,17,40.0,40.0,2400,1,0,8,0,0,0
S41G01N115,2022-2023,20221222,창원 LG,28,2,29,52,28,19,9,2,2,17,13,11,10,73,39,19,21,21,12,100,90,41,14,0,2,13,40.0,40.0,2400,0,0,22,0,0,0
S41G01N116,2022-2023,20221223,울산 현대모비스,22,2,25,54,29,19,5,1,1,12,9,4,2,74,35,17,18,18,12,84,86,37,5,0,2,10,40.0,40.0,2400,0,0,12,0,0,0
S41G01N116,2022-2023,20221223,서울 SK,16,2,28,53,26,20,4,1,1,21,15,4,0,74,31,15,14,21,14,81,95,42,5,0,3,9,40.0,40.0,2400,1,0,9,0,0,0
S41G01N117,2022-2023,20221223,수원 KT,14,3,24,39,17,24,11,0,0,23,17,2,4,63,28,19,25,33,4,84,86,28,9,0,4,9,40.0,40.0,2400,0,0,17,0,0,0
S41G01N117,2022-2023,20221223,대구 한국가스공사,16,3,30,32,13,27,11,2,2,29,16,1,0,61,26,19,22,27,15,79,90,45,5,2,2,14,40.0,40.0,2400,1,0,8,0,0,0
S41G01N118,2022-2023,20221224,원주 DB,21,2,27,46,19,18,6,2,2,31,20,8,2,66,27,16,17,23,10,80,97,37,7,1,1,3,40.0,40.0,2400,0,0,7,0,0,0
S41G01N118,2022-2023,20221224,서울 삼성,20,1,32,42,19,25,8,3,3,13,11,1,0,70,30,19,23,20,13,79,83,45,2,2,3,9,40.0,40.0,2400,0,0,4,0,0,0
S41G01N119,2022-2023,20221224,전주 KCC,21,1,29,39,21,29,10,2,2,16,14,3,4,70,33,16,15,19,13,90,86,42,5,1,4,13,40.0,40.0,2400,1,0,13,0,0,0
S41G01N119,2022-2023,20221224,고양 캐롯,13,3,20,25,13,40,16,0,0,11,9,4,2,65,29,20,23,21,6,83,76,26,11,0,2,13,40.0,40.0,2400,0,0,4,0,0,0
S41G01N120,2022-2023,20221224,안양 KGC,17,1,21,38,21,18,5,2,2,19,12,5,4,58,28,20,23,21,7,73,77,28,10,2,2,13,40.0,40.0,2400,0,0,10,0,0,0
S41G01N120,2022-2023,20221224,창원 LG,11,5,25,44,22,13,6,1,1,20,15,3,0,58,29,14,19,22,10,79,78,35,8,2,0,16,40.0,40.0,2400,0,0,5,0,0,0
S41G01N121,2022-2023,20221225,수원 KT,16,6,32,48,23,26,7,1,1,9,8,3,2,75,31,16,19,20,18,77,84,50,6,0,2,13,40.0,40.0,2400,0,0,12,0,0,0
S41G01N121,2022-2023,20221225,원주 DB,14,4,20,44,20,17,1,4,2,22,17,2,0,65,23,15,15,23,10,64,87,30,8,1,6,9,40.0,40.0,2400,0,0,10,0,0,0
S41G01N122,2022-2023,20221225,울산 현대모비스,21,4,32,48,19,26,6,0,0,30,20,4,0,74,25,17,18,19,18,76,104,50,6,0,2,6,40.0,40.0,2400,0,0,7,0,0,0
S41G01N122,2022-2023,20221225,대구 한국가스공사,10,2,31,45,22,21,6,0,0,12,8,1,2,66,28,16,22,26,8,70,78,39,3,1,0,10,40.0,40.0,2400,0,1,4,0,0,0
S41G01N123,2022-2023,20221225,서울 SK,17,5,29,46,24,17,5,4,4,20,11,7,6,67,33,18,20,15,8,82,87,37,6,0,5,8,40.0,40.0,2400,0,0,11,0,0,0
S41G01N123,2022-2023,20221225,서울 삼성,14,0,30,39,14,21,4,4,4,22,16,7,4,64,22,17,21,29,8,64,86,38,7,1,6,12,40.0,40.0,2400,0,0,7,0,0,0
S41G01N124,2022-2023,20221226,창원 LG,19,2,18,36,24,23,6,3,3,19,13,4,6,62,33,14,15,22,5,85,81,23,9,0,4,9,40.0,40.0,2400,0,0,13,0,0,0
S41G01N124,2022-2023,20221226,전주 KCC,25,2,24,47,28,22,12,1,1,10,7,2,2,70,41,19,18,17,12,101,80,36,5,1,1,11,40.0,40.0,2400,0,1,11,0,0,0
S41G01N125,2022-2023,20221227,안양 KGC,19,3,26,41,23,20,7,0,0,21,17,7,2,61,30,19,22,19,5,84,82,31,11,0,5,14,40.0,40.0,2400,0,0,10,0,0,0
S41G01N125,2022-2023,20221227,고양 캐롯,17,1,25,21,11,41,13,2,2,21,17,3,2,64,26,18,18,12,8,82,85,33,10,1,3,13,40.0,40.0,2400,0,0,11,0,0,0
S41G01N126,2022-2023,20221227,수원 KT,30,2,22,40,25,25,10,4,3,19,15,4,0,69,38,18,21,26,7,101,88,29,7,0,4,12,40.0,40.0,2400,0,0,11,0,0,0
S41G01N126,2022-2023,20221227,울산 현대모비스,15,0,23,38,23,25,9,0,0,22,18,2,0,63,32,17,17,19,8,91,85,31,8,2,2,11,40.0,40.0,2400,1,0,9,0,0,0
S41G01N127,2022-2023,20221229,안양 KGC,17,3,31,49,22,27,12,2,2,12,8,3,2,78,36,13,13,18,7,92,90,38,6,0,2,3,40.0,40.0,2400,0,0,9,0,0,0
S41G01N127,2022-2023,20221229,원주 DB,16,3,32,49,21,25,7,4,3,9,5,2,2,78,31,14,14,18,14,74,87,46,1,1,4,13,40.0,40.0,2400,0,0,2,0,0,0
S41G01N128,2022-2023,20221229,전주 KCC,17,4,27,35,19,23,10,0,0,22,14,1,2,58,29,13,13,15,9,82,80,36,3,2,2,8,40.0,40.0,2400,0,0,5,0,0,0
S41G01N128,2022-2023,20221229,대구 한국가스공사,13,2,18,37,16,27,11,4,4,0,0,4,4,68,31,20,20,28,9,73,68,27,6,0,3,7,40.0,40.0,2400,0,1,8,0,0,0
S41G01N129,2022-2023,20221230,수원 KT,25,2,19,32,20,26,10,4,4,12,10,3,4,62,34,18,21,26,7,88,74,26,10,0,2,14,40.0,40.0,2400,0,0,21,0,0,0
S41G01N129,2022-2023,20221230,서울 삼성,11,2,15,39,22,16,5,4,4,13,11,6,8,59,31,17,17,29,8,78,72,23,6,0,4,18,40.0,40.0,2400,0,0,12,0,0,0
S41G01N130,2022-2023,20221231,고양 캐롯,12,1,21,28,15,35,13,2,2,10,8,6,2,65,30,19,23,14,6,81,75,27,10,0,1,11,40.0,40.0,2400,0,0,13,0,0,0
S41G01N130,2022-2023,20221231,대구 한국가스공사,12,0,28,44,24,13,6,1,1,24,16,5,4,58,31,18,18,18,10,84,82,38,4,0,2,15,40.0,40.0,2400,0,1,14,0,0,0
S41G01N131,2022-2023,20221231,울산 현대모비스,16,2,25,44,21,23,5,0,0,15,11,5,0,67,26,16,16,22,9,68,82,34,7,2,2,7,40.0,40.0,2400,0,0,4,0,0,0
S41G01N131,2022-2023,20221231,안양 KGC,20,5,33,45,22,25,9,1,1,7,4,2,2,71,32,17,19,14,10,77,78,43,4,0,5,12,40.0,40.0,2400,0,0,6,0,0,0
S41G01N132,2022-2023,20221231,원주 DB,22,1,27,51,30,15,7,3,3,20,15,11,10,69,40,17,16,19,10,102,89,37,9,0,0,10,40.0,40.0,2400,1,0,10,0,0,0
S41G01N132,2022-2023,20221231,전주 KCC,12,1,22,47,28,25,7,2,2,15,9,3,2,74,37,18,18,21,12,90,89,34,7,0,1,11,40.0,40.0,2400,0,0,10,0,0,0
S41G01N133,2022-2023,20230101,고양 캐롯,16,1,14,28,16,40,12,1,1,8,7,4,5,69,29,16,16,18,7,77,77,21,8,0,1,6,40.0,40.0,2400,0,0,16,0,0,0
S41G01N133,2022-2023,20230101,수원 KT,22,1,34,30,20,26,13,0,0,13,11,5,2,56,33,17,17,16,6,90,69,40,6,2,1,14,40.0,40.0,2400,0,0,4,0,0,0
S41G01N134,2022-2023,20230101,서울 삼성,17,0,25,42,17,24,8,1,1,12,7,2,2,67,26,14,15,22,7,67,79,32,4,0,3,8,40.0,40.0,2400,0,0,5,0,0,0
S41G01N134,2022-2023,20230101,서울 SK,17,5,32,46,25,23,8,2,2,15,8,7,8,71,35,17,18,21,11,86,86,43,6,1,2,6,40.0,40.0,2400,0,0,9,0,0,0
S41G01N135,2022-2023,20230101,창원 LG,17,3,28,51,23,17,2,0,0,27,21,3,2,68,25,18,21,21,12,73,95,40,6,0,2,9,40.0,40.0,2400,0,0,8,0,0,0
S41G01N135,2022-2023,20230101,울산 현대모비스,13,2,33,57,24,14,5,2,1,15,12,1,0,73,30,20,25,22,15,77,88,48,5,0,1,10,40.0,40.0,2400,1,0,9,0,0,0
S41G01N136,2022-2023,20230102,원주 DB,18,0,27,39,18,18,7,2,2,16,9,3,2,59,27,14,14,19,10,70,75,37,3,0,2,19,40.0,40.0,2400,0,0,2,0,0,0
S41G01N136,2022-2023,20230102,안양 KGC,23,4,24,51,32,24,6,1,1,3,2,2,0,76,39,18,18,21,9,86,79,33,9,1,1,6,40.0,40.0,2400,0,0,14,0,0,0
S41G01N137,2022-2023,20230103,전주 KCC,21,1,27,39,23,19,7,1,1,13,10,4,0,59,31,19,19,15,9,79,72,36,8,1,1,13,40.0,40.0,2400,0,0,9,0,0,0
S41G01N137,2022-2023,20230103,고양 캐롯,16,0,18,27,15,36,10,0,0,14,12,4,0,63,25,17,18,23,7,72,77,25,10,0,5,10,40.0,40.0,2400,0,0,15,0,0,0
S41G01N138,2022-2023,20230104,서울 SK,21,4,33,45,26,27,9,3,3,17,12,10,5,75,38,14,17,19,8,97,92,41,11,0,5,6,40.0,40.0,2400,0,0,15,0,0,0
S41G01N138,2022-2023,20230104,원주 DB,14,0,26,48,20,19,2,4,4,16,9,4,2,71,26,18,20,22,11,63,87,37,4,0,4,13,40.0,40.0,2400,0,0,8,0,0,0
S41G01N139,2022-2023,20230105,고양 캐롯,17,4,19,35,17,28,10,0,0,23,16,4,4,63,27,16,16,24,9,80,86,28,8,2,6,7,40.0,40.0,2400,0,0,13,0,0,0
S41G01N139,2022-2023,20230105,울산 현대모비스,13,1,21,42,19,23,9,2,2,12,8,2,2,67,30,18,19,18,16,77,79,37,4,2,6,12,40.0,40.0,2400,0,1,12,0,0,0
S41G01N140,2022-2023,20230105,서울 삼성,9,5,28,43,19,17,5,0,0,22,15,3,4,60,24,19,21,28,10,68,82,38,4,0,0,15,40.0,40.0,2400,1,0,6,0,0,0
S41G01N140,2022-2023,20230105,창원 LG,23,0,28,45,20,19,7,3,3,21,12,10,7,67,30,18,23,21,6,79,88,34,8,0,4,8,40.0,40.0,2400,0,0,17,0,0,0
S41G01N141,2022-2023,20230106,전주 KCC,14,2,27,46,18,26,9,1,0,8,7,1,2,73,27,16,15,16,13,70,81,40,6,1,6,11,40.0,40.0,2400,0,1,6,0,0,0
S41G01N141,2022-2023,20230106,서울 SK,22,1,25,46,19,17,9,0,0,15,13,6,2,63,28,16,16,18,7,78,78,32,6,0,3,8,40.0,40.0,2400,0,0,4,0,0,0
S41G01N142,2022-2023,20230106,안양 KGC,20,1,23,39,19,28,11,2,2,15,8,5,2,69,32,16,17,13,12,83,84,35,6,0,3,11,40.0,40.0,2400,0,0,5,0,0,0
S41G01N142,2022-2023,20230106,수원 KT,20,2,28,43,22,30,11,1,1,10,6,4,2,74,34,17,18,21,13,85,84,41,7,1,1,9,40.0,40.0,2400,0,0,10,0,0,0
S41G01N143,2022-2023,20230107,울산 현대모비스,21,3,28,41,18,39,14,0,0,19,12,2,0,80,32,18,19,21,16,90,99,44,5,1,4,14,45.0,45.0,2700,2,0,5,0,0,0
S41G01N143,2022-2023,20230107,원주 DB,24,4,27,59,32,14,3,3,3,22,15,6,2,76,38,17,18,25,8,94,98,35,7,1,5,10,45.0,45.0,2700,0,0,13,0,0,0
S41G01N144,2022-2023,20230107,창원 LG,12,0,29,45,24,22,2,0,0,17,10,4,4,67,26,18,19,18,19,64,84,48,2,1,3,11,40.0,40.0,2400,0,0,2,0,0,0
S41G01N144,2022-2023,20230107,고양 캐롯,11,1,23,35,14,34,11,1,1,13,10,0,0,70,26,17,20,13,11,73,83,34,3,1,4,4,40.0,40.0,2400,0,0,11,0,0,0
S41G01N145,2022-2023,20230107,대구 한국가스공사,17,1,21,41,20,19,10,0,0,17,13,1,0,60,30,20,22,28,8,83,77,29,6,0,2,6,40.0,40.0,2400,1,0,7,0,0,0
S41G01N145,2022-2023,20230107,서울 삼성,20,1,25,31,14,22,9,4,3,24,16,0,0,57,26,19,20,22,8,77,81,33,3,2,3,10,40.0,40.0,2400,0,0,2,0,0,0
S41G01N146,2022-2023,20230108,울산 현대모비스,20,1,20,53,29,20,5,1,1,19,14,3,2,74,35,19,22,19,15,89,93,35,8,0,2,4,40.0,40.0,2400,0,0,13,0,0,0
S41G01N146,2022-2023,20230108,수원 KT,18,0,19,41,19,16,9,3,3,16,12,0,0,60,31,18,19,27,8,83,76,27,3,0,3,11,40.0,40.0,2400,1,0,7,0,0,0
S41G01N147,2022-2023,20230108,안양 KGC,21,1,34,40,18,26,10,5,5,11,7,4,2,71,33,18,19,12,7,83,82,41,4,0,3,6,40.0,40.0,2400,0,1,8,0,0,0
S41G01N147,2022-2023,20230108,서울 SK,16,2,30,45,20,24,8,1,0,26,16,7,2,70,28,16,16,20,10,80,96,40,2,0,3,7,40.0,40.0,2400,0,0,4,0,0,0
S41G01N148,2022-2023,20230108,서울 삼성,13,4,24,47,21,23,4,1,0,10,4,4,0,71,25,18,22,21,17,58,81,41,7,0,4,9,40.0,40.0,2400,0,0,8,0,0,0
S41G01N148,2022-2023,20230108,전주 KCC,16,3,25,36,15,23,9,0,0,14,11,3,4,59,24,16,16,19,10,68,73,35,3,0,6,10,40.0,40.0,2400,0,0,7,0,0,0
S41G01N149,2022-2023,20230109,고양 캐롯,19,4,18,29,14,36,16,0,0,14,11,1,2,65,30,17,17,21,11,87,79,29,3,0,3,6,40.0,40.0,2400,0,0,9,0,0,0
S41G01N149,2022-2023,20230109,대구 한국가스공사,13,1,20,51,28,14,4,1,1,9,6,1,0,66,33,19,21,25,14,76,75,34,6,3,4,6,40.0,40.0,2400,0,0,6,0,0,0
S41G01N150,2022-2023,20230110,수원 KT,13,1,19,46,14,20,5,2,2,23,13,2,0,68,21,15,15,17,15,60,91,34,8,1,3,9,40.0,40.0,2400,1,0,12,0,0,0
S41G01N150,2022-2023,20230110,전주 KCC,19,3,33,39,18,19,9,1,1,20,14,3,2,59,28,18,18,15,9,79,79,42,6,0,3,12,40.0,40.0,2400,1,0,11,0,0,0
S41G01N151,2022-2023,20230110,서울 SK,17,6,30,47,19,25,4,0,0,18,11,4,4,72,23,19,22,22,13,61,90,43,5,0,1,10,40.0,40.0,2400,0,0,5,0,0,0
S41G01N151,2022-2023,20230110,창원 LG,21,3,37,43,22,25,10,1,1,20,9,7,6,69,33,19,22,25,10,85,89,47,6,1,2,9,40.0,40.0,2400,0,0,8,0,0,0
S41G01N152,2022-2023,20230111,울산 현대모비스,17,1,14,46,19,28,9,1,1,23,19,1,2,75,29,17,17,18,17,86,98,31,8,0,5,9,40.0,40.0,2400,1,0,9,0,0,0
S41G01N152,2022-2023,20230111,안양 KGC,23,3,26,44,26,20,11,3,3,12,9,4,4,67,40,18,20,17,9,100,79,35,6,1,5,13,40.0,40.0,2400,0,0,9,0,0,0
S41G01N153,2022-2023,20230117,원주 DB,24,3,27,45,23,20,7,3,3,11,8,4,0,68,33,16,16,23,8,81,79,35,5,0,3,11,40.0,40.0,2400,0,0,15,0,0,0
S41G01N153,2022-2023,20230117,창원 LG,21,0,23,50,26,18,7,1,1,9,7,5,2,69,34,14,14,26,7,82,78,30,8,1,1,8,40.0,40.0,2400,0,0,8,0,0,0
S41G01N154,2022-2023,20230119,고양 캐롯,25,7,18,38,18,39,14,1,1,7,7,3,0,78,33,15,15,25,14,87,85,32,9,0,3,4,40.0,40.0,2400,0,0,5,0,0,0
S41G01N154,2022-2023,20230119,원주 DB,17,3,27,45,25,15,3,2,2,11,9,7,2,62,30,14,14,23,11,72,73,38,3,0,4,15,40.0,40.0,2400,0,0,5,0,0,0
S41G01N155,2022-2023,20230119,서울 삼성,12,1,21,49,20,17,5,1,0,14,11,2,0,67,25,20,23,32,14,66,81,35,7,0,3,10,40.0,40.0,2400,0,0,8,0,0,0
S41G01N155,2022-2023,20230119,수원 KT,17,2,26,38,19,25,8,1,0,24,15,3,0,64,27,17,20,20,18,77,88,44,6,1,3,14,40.0,40.0,2400,0,0,11,0,0,0
S41G01N156,2022-2023,20230120,창원 LG,21,2,28,39,20,27,6,0,0,15,11,8,6,66,26,19,20,22,7,69,81,35,4,0,8,10,40.0,40.0,2400,0,1,10,0,0,0
S41G01N156,2022-2023,20230120,대구 한국가스공사,15,1,29,43,22,24,3,1,1,18,9,5,2,68,26,18,19,20,9,64,86,38,7,1,4,8,40.0,40.0,2400,0,1,2,0,0,0
S41G01N157,2022-2023,20230120,울산 현대모비스,18,2,39,45,21,17,3,2,2,12,11,5,2,64,26,15,15,22,9,66,76,48,5,0,4,15,40.0,40.0,2400,0,0,6,0,0,0
S41G01N157,2022-2023,20230120,전주 KCC,11,0,25,54,21,24,5,0,0,9,7,3,2,78,26,15,15,26,12,64,87,37,6,1,4,5,40.0,40.0,2400,0,0,21,0,0,0
S41G01N158,2022-2023,20230121,수원 KT,17,4,29,38,16,22,8,5,5,10,7,4,2,65,29,19,20,17,10,73,75,39,5,0,4,17,40.0,40.0,2400,0,0,4,0,0,0
S41G01N158,2022-2023,20230121,서울 SK,21,1,25,51,24,20,4,2,1,20,14,5,2,73,29,15,15,18,13,76,93,38,14,0,2,9,40.0,40.0,2400,0,0,11,0,0,0
S41G01N159,2022-2023,20230121,고양 캐롯,14,3,26,29,10,46,17,1,1,13,12,0,0,76,28,15,15,23,17,85,89,43,6,1,3,5,40.0,40.0,2400,0,0,6,0,0,0
S41G01N159,2022-2023,20230121,안양 KGC,18,3,28,33,19,26,7,2,2,8,2,6,2,61,28,16,15,18,6,65,69,34,3,1,3,10,40.0,40.0,2400,1,0,6,0,0,0
S41G01N160,2022-2023,20230121,서울 삼성,18,3,19,53,26,15,4,3,2,17,14,5,0,71,32,16,18,24,12,82,88,31,12,1,5,9,40.0,40.0,2400,0,0,17,0,0,0
S41G01N160,2022-2023,20230121,원주 DB,17,2,19,38,20,17,9,2,2,21,14,4,0,57,31,18,20,28,5,85,78,24,8,0,7,16,40.0,40.0,2400,0,0,7,0,0,0
S41G01N161,2022-2023,20230122,대구 한국가스공사,17,2,14,50,24,21,9,0,0,19,11,5,2,71,33,18,23,36,10,86,90,24,7,0,7,10,40.0,40.0,2400,0,0,12,0,0,0
S41G01N161,2022-2023,20230122,울산 현대모비스,21,3,26,41,27,22,8,1,1,18,13,3,0,64,36,18,19,27,12,93,82,38,8,1,1,14,40.0,40.0,2400,0,0,8,0,0,0
S41G01N162,2022-2023,20230122,창원 LG,24,3,28,41,22,23,11,4,4,17,8,7,5,68,37,17,18,17,11,93,85,39,4,0,3,7,40.0,40.0,2400,0,0,4,0,0,0
S41G01N162,2022-2023,20230122,전주 KCC,12,3,22,36,19,28,9,1,1,9,7,4,2,65,29,16,16,23,5,74,74,27,2,1,2,6,40.0,40.0,2400,1,0,7,0,0,0
S41G01N163,2022-2023,20230122,안양 KGC,21,2,27,43,21,21,9,3,3,23,16,3,0,67,33,16,18,15,8,91,90,35,11,0,6,7,40.0,40.0,2400,1,0,5,0,0,0
S41G01N163,2022-2023,20230122,서울 삼성,6,2,20,45,16,19,4,3,3,19,16,2,2,67,23,18,19,27,16,66,86,36,3,3,2,14,40.0,40.0,2400,0,0,7,0,0,0
S41G01N164,2022-2023,20230123,원주 DB,19,5,26,52,24,16,6,0,0,17,14,4,0,68,30,18,19,24,14,80,85,40,4,0,6,13,40.0,40.0,2400,0,0,9,0,0,0
S41G01N164,2022-2023,20230123,수원 KT,13,3,22,46,22,35,6,2,2,17,10,5,6,83,30,16,17,19,22,76,100,44,12,0,6,8,40.0,40.0,2400,0,0,8,0,0,0
S41G01N165,2022-2023,20230123,서울 SK,15,1,21,48,25,22,4,2,2,18,16,3,2,72,31,17,19,10,16,82,90,37,4,2,3,7,40.0,40.0,2400,0,0,10,0,0,0
S41G01N165,2022-2023,20230123,고양 캐롯,16,3,20,24,17,36,11,0,0,15,13,3,0,60,28,17,20,23,6,80,75,26,5,1,7,11,40.0,40.0,2400,0,0,11,0,0,0
S41G01N166,2022-2023,20230124,울산 현대모비스,22,1,22,46,23,11,5,1,1,25,19,6,4,58,29,18,19,24,9,82,83,31,10,1,2,11,40.0,40.0,2400,0,0,11,0,0,0
S41G01N166,2022-2023,20230124,창원 LG,17,1,20,41,19,21,6,2,2,19,15,2,0,64,27,20,22,22,13,75,83,33,5,0,4,14,40.0,40.0,2400,1,0,4,0,0,0
S41G01N167,2022-2023,20230124,전주 KCC,13,2,24,35,15,28,8,0,0,15,13,2,0,63,23,15,15,18,8,67,78,32,9,0,2,13,40.0,40.0,2400,0,0,9,0,0,0
S41G01N167,2022-2023,20230124,대구 한국가스공사,14,2,33,38,20,21,7,1,1,11,9,3,2,60,28,16,18,29,7,72,71,40,7,1,1,12,40.0,40.0,2400,0,0,11,0,0,0
S41G01N168,2022-2023,20230126,원주 DB,19,3,30,42,22,23,5,5,4,4,4,10,4,70,31,17,19,30,12,71,74,42,10,1,3,16,40.0,40.0,2400,0,0,15,0,0,0
S41G01N168,2022-2023,20230126,대구 한국가스공사,8,2,20,35,17,28,7,0,0,14,10,4,4,63,24,15,15,26,9,65,77,29,11,2,5,14,40.0,40.0,2400,0,0,12,0,0,0
S41G01N169,2022-2023,20230127,서울 삼성,14,0,20,42,20,15,4,3,3,19,12,2,2,60,27,20,26,27,8,70,79,28,5,2,5,10,40.0,40.0,2400,0,0,4,0,0,0
S41G01N169,2022-2023,20230127,울산 현대모비스,17,3,26,40,26,19,4,0,0,28,21,5,0,59,30,18,20,21,11,85,87,37,7,0,1,11,40.0,40.0,2400,0,0,11,0,0,0
S41G01N170,2022-2023,20230127,수원 KT,25,3,28,41,24,18,6,4,3,19,18,6,0,63,33,16,18,19,10,90,82,38,10,1,3,18,40.0,40.0,2400,0,0,10,0,0,0
S41G01N170,2022-2023,20230127,고양 캐롯,13,3,16,18,12,47,15,1,1,8,5,5,5,66,28,16,18,23,8,76,74,24,9,1,4,14,40.0,40.0,2400,1,0,16,0,0,0
S41G01N171,2022-2023,20230128,서울 SK,16,5,32,57,36,33,9,0,0,28,19,7,10,90,45,19,28,35,11,118,118,43,5,0,3,9,45.0,45.0,2700,0,0,8,0,0,0
S41G01N171,2022-2023,20230128,대구 한국가스공사,24,4,32,55,27,34,13,1,1,29,21,4,0,90,41,17,24,31,19,116,119,51,6,1,3,12,45.0,45.0,2700,0,1,12,0,0,0
S41G01N172,2022-2023,20230128,창원 LG,17,3,33,40,20,22,5,0,0,19,13,2,0,62,25,17,17,26,9,68,81,42,8,1,9,20,40.0,40.0,2400,0,0,4,0,0,0
S41G01N172,2022-2023,20230128,안양 KGC,10,3,22,42,21,25,4,0,0,11,9,6,8,67,25,18,20,17,8,63,78,30,10,0,1,12,40.0,40.0,2400,1,0,14,0,0,0
S41G01N173,2022-2023,20230128,원주 DB,26,5,24,52,30,16,4,6,6,7,5,7,2,74,40,16,17,25,13,89,81,37,9,1,0,5,40.0,40.0,2400,0,0,17,0,0,0
S41G01N173,2022-2023,20230128,전주 KCC,14,1,22,41,19,25,9,0,0,9,8,3,4,66,28,13,13,20,13,73,75,35,4,1,1,12,40.0,40.0,2400,0,0,5,0,0,0
S41G01N174,2022-2023,20230129,수원 KT,19,2,21,43,23,24,7,2,2,12,9,4,2,69,32,15,17,18,13,80,81,34,7,2,3,12,40.0,40.0,2400,0,0,13,0,0,0
S41G01N174,2022-2023,20230129,창원 LG,21,1,21,44,24,24,7,3,3,10,6,4,4,71,34,14,16,21,16,81,81,37,9,1,5,11,40.0,40.0,2400,0,0,12,0,0,0
S41G01N175,2022-2023,20230129,안양 KGC,17,1,25,45,18,35,10,0,0,25,21,3,0,80,28,20,22,18,20,87,105,45,10,1,5,15,45.0,45.0,2700,0,1,9,0,0,0
S41G01N175,2022-2023,20230129,대구 한국가스공사,18,3,32,40,19,24,9,0,0,25,20,4,0,64,28,19,22,22,8,85,89,40,11,1,1,15,45.0,45.0,2700,1,0,17,0,0,0
S41G01N176,2022-2023,20230129,울산 현대모비스,17,4,27,43,19,28,10,0,0,12,11,5,0,71,29,18,20,22,9,79,83,36,4,1,7,7,40.0,40.0,2400,0,0,4,0,0,0
S41G01N176,2022-2023,20230129,서울 SK,14,6,28,55,23,16,2,0,0,15,13,1,0,71,25,15,16,19,14,65,86,42,4,1,5,11,40.0,40.0,2400,0,0,2,0,0,0
S41G01N177,2022-2023,20230130,고양 캐롯,13,3,27,35,17,33,5,2,2,19,15,2,2,70,24,17,18,16,11,68,89,38,10,0,4,7,40.0,40.0,2400,0,0,14,0,0,0
S41G01N177,2022-2023,20230130,서울 삼성,13,4,33,36,17,21,4,1,1,23,17,5,4,58,22,19,25,27,10,65,81,43,5,0,2,15,40.0,40.0,2400,0,0,10,0,0,0
S41G01N178,2022-2023,20230131,수원 KT,17,2,21,33,22,24,9,1,1,18,15,3,4,58,32,18,19,21,6,88,76,27,4,0,2,11,40.0,40.0,2400,0,0,7,0,0,0
S41G01N178,2022-2023,20230131,대구 한국가스공사,17,1,18,41,27,28,7,0,0,13,9,4,4,69,34,18,21,28,13,84,82,31,8,3,0,7,40.0,40.0,2400,0,0,11,0,0,0
S41G01N179,2022-2023,20230131,전주 KCC,17,2,27,45,25,20,6,0,0,18,13,5,4,65,31,16,17,11,10,81,83,37,6,1,1,7,40.0,40.0,2400,0,0,4,0,0,0
S41G01N179,2022-2023,20230131,안양 KGC,20,3,23,38,18,29,13,2,1,9,6,6,2,69,32,17,19,14,10,83,78,33,4,1,6,7,40.0,40.0,2400,0,0,10,0,0,0
S41G01N180,2022-2023,20230201,서울 SK,15,4,30,40,18,22,8,0,0,14,12,4,2,62,26,18,19,19,6,72,76,36,5,0,3,12,40.0,40.0,2400,1,0,7,0,0,0
S41G01N180,2022-2023,20230201,창원 LG,17,2,24,46,17,29,10,1,1,12,9,6,7,76,28,19,20,17,16,75,88,40,10,1,5,9,40.0,40.0,2400,0,0,18,0,0,0
S41G01N181,2022-2023,20230202,고양 캐롯,19,1,19,24,12,55,13,0,0,3,2,1,0,79,25,15,15,24,19,65,82,38,6,1,6,14,40.0,40.0,2400,0,0,10,0,0,0
S41G01N181,2022-2023,20230202,안양 KGC,17,3,31,45,27,22,4,4,3,10,10,7,8,71,34,17,17,20,11,82,81,42,9,0,3,11,40.0,40.0,2400,0,0,13,0,0,0
S41G01N182,2022-2023,20230202,서울 삼성,15,3,22,33,17,25,5,1,1,28,22,3,0,59,23,20,20,33,11,73,87,33,6,1,5,7,40.0,40.0,2400,0,0,6,0,0,0
S41G01N182,2022-2023,20230202,수원 KT,19,4,21,37,16,18,6,2,2,22,16,0,0,57,24,20,24,25,9,70,79,30,3,0,6,9,40.0,40.0,2400,0,0,2,0,0,0
S41G01N183,2022-2023,20230203,창원 LG,13,3,27,44,24,25,5,0,0,19,13,3,0,69,29,16,17,19,11,76,88,38,4,0,5,12,40.0,40.0,2400,0,0,2,0,0,0
S41G01N183,2022-2023,20230203,원주 DB,20,1,27,55,25,13,3,2,2,15,11,7,0,70,30,19,23,31,7,74,85,34,10,0,6,8,40.0,40.0,2400,0,0,11,0,0,0
S41G01N184,2022-2023,20230204,안양 KGC,13,7,22,37,17,20,6,1,1,13,10,3,2,58,24,14,15,19,4,64,71,26,7,0,6,8,40.0,40.0,2400,0,0,11,0,0,0
S41G01N184,2022-2023,20230204,서울 삼성,10,1,29,43,16,28,7,0,0,11,8,1,2,71,23,16,17,21,18,61,82,47,6,2,4,8,40.0,40.0,2400,0,0,8,0,0,0
S41G01N185,2022-2023,20230204,울산 현대모비스,21,2,25,43,26,25,6,0,0,15,12,5,2,68,32,18,21,25,18,82,83,43,4,1,7,15,40.0,40.0,2400,0,1,8,0,0,0
S41G01N185,2022-2023,20230204,고양 캐롯,13,3,14,27,15,41,13,0,0,18,15,2,0,68,28,18,18,17,10,84,86,24,8,1,3,7,40.0,40.0,2400,0,0,13,0,0,0
S41G01N186,2022-2023,20230204,대구 한국가스공사,14,0,17,38,23,21,6,0,0,16,9,4,2,59,29,17,18,27,8,73,75,25,7,0,5,12,40.0,40.0,2400,0,0,8,0,0,0
S41G01N186,2022-2023,20230204,수원 KT,21,2,22,30,18,30,11,0,0,10,7,2,2,60,29,18,19,19,8,76,70,30,8,0,2,13,40.0,40.0,2400,0,0,4,0,0,0
S41G01N187,2022-2023,20230205,울산 현대모비스,14,3,25,48,19,29,12,1,1,5,4,2,2,78,32,16,15,26,21,80,83,46,3,0,5,9,40.0,40.0,2400,1,0,2,0,0,0
S41G01N187,2022-2023,20230205,원주 DB,11,5,22,50,24,21,3,0,0,15,14,2,2,71,27,16,16,25,14,71,86,36,4,0,3,6,40.0,40.0,2400,0,0,10,0,0,0
S41G01N188,2022-2023,20230205,전주 KCC,19,3,34,34,19,28,12,1,1,12,11,4,2,63,32,18,20,19,6,87,75,40,6,2,2,12,40.0,40.0,2400,0,0,13,0,0,0
S41G01N188,2022-2023,20230205,창원 LG,13,2,22,54,24,19,1,1,1,14,11,5,2,74,26,15,17,18,12,64,88,34,8,0,4,10,40.0,40.0,2400,0,0,11,0,0,0
S41G01N189,2022-2023,20230205,서울 SK,27,1,26,49,31,17,6,4,3,16,10,10,6,70,40,14,15,13,10,96,86,36,9,1,2,6,40.0,40.0,2400,0,0,14,0,0,0
S41G01N189,2022-2023,20230205,고양 캐롯,11,1,20,25,17,39,13,0,0,11,10,0,0,64,30,15,15,16,6,83,75,26,5,1,4,10,40.0,40.0,2400,0,0,3,0,0,0
S41G01N190,2022-2023,20230206,수원 KT,22,1,18,41,20,33,12,0,0,11,8,1,0,74,32,19,18,16,14,84,85,32,7,0,4,8,40.0,40.0,2400,1,0,7,0,0,0
S41G01N190,2022-2023,20230206,안양 KGC,21,2,22,33,17,27,12,5,5,12,7,3,0,65,34,15,15,10,7,87,77,29,5,1,6,10,40.0,40.0,2400,0,0,2,0,0,0
S41G01N191,2022-2023,20230207,서울 SK,18,7,28,43,24,23,6,0,0,12,7,5,0,66,30,16,15,21,9,73,78,37,8,1,3,7,40.0,40.0,2400,1,0,11,0,0,0
S41G01N191,2022-2023,20230207,울산 현대모비스,19,2,23,53,23,21,7,0,0,4,1,4,0,74,30,17,16,21,14,68,78,37,7,1,5,10,40.0,40.0,2400,0,1,4,0,0,0
S41G01N192,2022-2023,20230208,대구 한국가스공사,20,0,22,40,26,21,10,1,1,21,18,4,2,62,37,19,23,19,4,102,83,26,9,0,0,14,40.0,40.0,2400,0,0,6,0,0,0
S41G01N192,2022-2023,20230208,창원 LG,22,1,21,40,24,28,13,1,1,23,19,4,2,69,38,19,21,22,9,108,92,30,9,0,2,12,40.0,40.0,2400,0,0,18,0,0,0
S41G01N193,2022-2023,20230209,안양 KGC,17,7,26,41,21,29,9,3,3,13,5,4,4,73,33,16,17,16,14,80,86,40,9,0,6,9,40.0,40.0,2400,0,0,13,0,0,0
S41G01N193,2022-2023,20230209,원주 DB,12,2,27,45,16,19,7,2,2,15,13,5,2,66,25,17,19,24,12,70,81,39,7,1,3,12,40.0,40.0,2400,0,0,8,0,0,0
S41G01N194,2022-2023,20230209,전주 KCC,15,1,23,39,23,21,3,0,0,19,15,6,6,60,26,16,19,16,12,70,79,35,7,1,0,11,40.0,40.0,2400,0,0,6,0,0,0
S41G01N194,2022-2023,20230209,울산 현대모비스,14,1,21,41,22,23,7,1,1,12,9,6,0,65,30,18,20,23,11,76,77,32,7,0,2,8,40.0,40.0,2400,0,0,13,0,0,0
S41G01N195,2022-2023,20230210,창원 LG,19,2,26,50,31,18,7,0,0,21,13,8,2,68,38,18,22,21,11,96,89,37,11,0,3,13,40.0,40.0,2400,0,0,16,0,0,0
S41G01N195,2022-2023,20230210,서울 삼성,18,0,24,44,20,18,3,4,4,25,21,3,2,66,27,19,22,33,12,78,91,36,7,1,1,14,40.0,40.0,2400,0,0,2,0,0,0
S41G01N196,2022-2023,20230210,고양 캐롯,20,3,23,30,17,34,12,2,2,10,9,3,2,66,31,18,20,19,8,83,76,31,13,0,2,5,40.0,40.0,2400,0,0,16,0,0,0
S41G01N196,2022-2023,20230210,수원 KT,15,1,27,37,17,26,8,1,1,10,7,0,0,64,26,17,17,22,11,67,74,38,3,0,4,15,40.0,40.0,2400,0,0,2,0,0,0
S41G01N197,2022-2023,20230211,서울 SK,21,2,23,43,23,23,11,0,0,14,10,6,6,66,34,19,23,18,7,89,80,30,10,0,4,12,40.0,40.0,2400,0,0,20,0,0,0
S41G01N197,2022-2023,20230211,대구 한국가스공사,17,1,23,40,21,20,9,3,3,16,10,4,0,63,33,17,18,19,5,85,79,28,8,1,2,13,40.0,40.0,2400,0,0,7,0,0,0
S41G01N198,2022-2023,20230211,안양 KGC,19,3,28,41,22,26,12,2,1,16,13,1,2,69,35,14,14,14,6,95,85,34,5,1,1,9,40.0,40.0,2400,0,0,7,0,0,0
S41G01N198,2022-2023,20230211,울산 현대모비스,16,0,29,47,27,25,7,0,0,10,8,7,5,72,34,18,19,24,9,83,82,38,8,0,1,11,40.0,40.0,2400,1,0,9,0,0,0
S41G01N199,2022-2023,20230212,서울 SK,17,2,21,47,27,18,5,1,1,13,13,1,0,66,33,18,20,17,5,84,79,26,2,0,3,9,40.0,40.0,2400,0,1,7,0,0,0
S41G01N199,2022-2023,20230212,창원 LG,25,2,22,48,28,13,6,2,1,24,18,7,4,63,35,18,22,17,10,94,87,32,8,1,3,5,40.0,40.0,2400,0,1,12,0,0,0
S41G01N200,2022-2023,20230212,수원 KT,16,1,25,34,19,34,12,2,1,12,10,4,2,70,32,17,20,18,13,86,82,38,6,1,3,4,40.0,40.0,2400,0,1,8,0,0,0
S41G01N200,2022-2023,20230212,전주 KCC,13,1,20,40,17,26,9,0,0,22,12,1,0,66,26,12,12,17,16,73,88,36,3,1,5,7,40.0,40.0,2400,0,0,4,0,0,0
S41G01N201,2022-2023,20230212,대구 한국가스공사,12,1,28,38,24,24,3,1,1,7,5,3,4,63,28,18,22,22,8,64,70,36,8,1,4,14,40.0,40.0,2400,0,0,8,0,0,0
S41G01N201,2022-2023,20230212,안양 KGC,14,4,23,39,19,28,8,0,0,13,8,3,2,67,27,13,12,18,13,70,80,36,9,0,2,11,40.0,40.0,2400,0,1,12,0,0,0
S41G01N202,2022-2023,20230213,서울 삼성,20,2,31,54,19,24,8,1,1,24,19,5,0,79,28,18,19,27,21,83,103,52,8,0,3,12,40.0,40.0,2400,0,0,11,0,0,0
S41G01N202,2022-2023,20230213,원주 DB,20,3,27,47,24,19,3,4,4,17,12,9,8,70,31,17,21,35,8,77,87,35,4,0,6,11,40.0,40.0,2400,1,0,15,0,0,0
S41G01N203,2022-2023,20230214,서울 SK,20,0,23,48,25,24,10,0,0,12,11,8,6,72,35,19,19,21,16,91,84,39,7,0,2,11,40.0,40.0,2400,0,0,12,0,0,0
S41G01N203,2022-2023,20230214,수원 KT,16,1,22,38,23,27,6,0,0,18,18,3,2,65,29,17,17,15,9,82,83,31,8,0,1,9,40.0,40.0,2400,0,0,9,0,0,0
S41G01N204,2022-2023,20230215,안양 KGC,23,3,35,44,22,22,8,1,0,21,21,2,4,67,30,18,23,16,12,89,88,47,5,1,4,9,40.0,40.0,2400,0,0,4,0,0,0
S41G01N204,2022-2023,20230215,창원 LG,10,2,22,41,13,20,7,2,2,23,16,2,0,63,22,16,19,21,8,67,86,30,6,0,1,7,40.0,40.0,2400,0,0,12,0,0,0
S41G01N205,2022-2023,20230216,대구 한국가스공사,17,1,22,33,17,27,7,4,4,16,14,5,6,64,28,17,21,26,14,77,80,36,7,0,1,20,40.0,40.0,2400,0,0,15,0,0,0
S41G01N205,2022-2023,20230216,울산 현대모비스,17,2,21,42,21,23,8,3,3,16,12,2,2,68,32,19,22,18,13,84,84,34,15,1,2,15,40.0,40.0,2400,0,1,23,0,0,0
S41G01N206,2022-2023,20230216,서울 삼성,24,2,19,50,30,31,13,2,1,16,12,4,6,83,44,20,32,34,18,113,99,37,5,0,5,14,45.0,45.0,2700,0,0,6,0,0,0
S41G01N206,2022-2023,20230216,서울 SK,27,1,18,51,33,13,6,1,1,41,29,6,6,65,40,19,19,21,10,115,106,28,6,0,3,5,45.0,45.0,2700,1,0,12,0,0,0
S41G01N207,2022-2023,20230217,창원 LG,19,2,28,48,30,19,4,0,0,29,13,8,4,67,34,19,18,20,19,85,96,47,6,0,5,9,40.0,40.0,2400,1,0,18,0,0,0
S41G01N207,2022-2023,20230217,고양 캐롯,16,3,18,37,19,25,5,1,1,19,13,4,5,63,25,20,26,21,9,68,82,27,6,0,4,9,40.0,40.0,2400,0,0,7,0,0,0
S41G01N208,2022-2023,20230217,안양 KGC,18,2,31,44,23,31,12,1,1,9,4,2,2,76,36,17,20,14,13,88,85,44,2,1,4,5,40.0,40.0,2400,0,0,0,0,0,0
S41G01N208,2022-2023,20230217,전주 KCC,18,3,24,36,17,23,9,0,0,28,18,1,0,59,26,17,17,14,4,79,87,28,3,0,3,2,40.0,40.0,2400,0,0,2,0,0,0
S41G01N209,2022-2023,20230218,원주 DB,20,1,23,58,26,14,6,0,0,7,3,10,2,72,32,20,27,21,15,73,79,38,4,0,5,16,40.0,40.0,2400,0,0,11,0,0,0
S41G01N209,2022-2023,20230218,서울 SK,20,5,25,34,16,28,11,0,0,30,27,7,2,62,27,13,13,24,9,92,92,34,14,4,1,6,40.0,40.0,2400,0,0,12,0,0,0
S41G01N210,2022-2023,20230218,서울 삼성,18,1,20,45,23,23,4,1,1,8,6,4,2,69,28,19,27,30,8,66,77,28,6,1,5,9,40.0,40.0,2400,0,0,10,0,0,0
S41G01N210,2022-2023,20230218,대구 한국가스공사,17,3,29,43,25,21,7,1,1,27,16,5,2,65,33,17,19,29,12,89,92,41,6,1,5,9,40.0,40.0,2400,0,0,11,0,0,0
S41G01N211,2022-2023,20230218,울산 현대모비스,14,3,22,34,17,31,8,1,1,9,9,3,0,66,26,16,17,21,12,69,75,34,10,1,7,15,40.0,40.0,2400,0,0,10,0,0,0
S41G01N211,2022-2023,20230218,수원 KT,12,3,24,49,20,13,1,2,2,17,12,4,4,64,23,14,14,23,11,59,81,35,12,1,4,14,40.0,40.0,2400,0,0,10,0,0,0
S41G01N212,2022-2023,20230219,고양 캐롯,13,3,23,38,21,24,9,1,1,26,21,5,4,63,31,16,17,22,10,92,89,33,3,1,1,1,40.0,40.0,2400,0,0,2,0,0,0
S41G01N212,2022-2023,20230219,서울 삼성,19,2,24,44,24,24,9,1,1,13,9,5,0,69,34,20,23,25,10,86,82,34,1,0,4,4,40.0,40.0,2400,0,0,0,0,0,0
S41G01N213,2022-2023,20230219,대구 한국가스공사,23,2,15,38,24,21,9,1,1,8,4,3,4,60,34,20,26,21,9,81,68,24,10,1,5,15,40.0,40.0,2400,0,0,19,0,0,0
S41G01N213,2022-2023,20230219,전주 KCC,12,0,16,37,19,17,6,0,0,27,23,5,6,54,25,14,14,16,7,79,81,23,7,1,4,13,40.0,40.0,2400,0,0,12,0,0,0
S41G01N214,2022-2023,20230219,서울 SK,14,2,26,51,29,19,8,0,0,4,3,5,8,70,37,15,17,12,9,85,74,35,9,0,0,8,40.0,40.0,2400,0,0,11,0,0,0
S41G01N214,2022-2023,20230219,안양 KGC,19,4,23,39,22,19,6,4,4,12,9,4,0,62,32,11,11,8,6,79,74,29,5,0,1,9,40.0,40.0,2400,0,0,8,0,0,0
S41G01N215,2022-2023,20230223,전주 KCC,15,2,27,37,23,15,4,0,0,18,15,2,0,52,27,16,16,14,6,73,70,33,5,1,2,11,40.0,40.0,2400,0,0,6,0,0,0
S41G01N215,2022-2023,20230223,서울 SK,18,3,17,39,21,27,6,0,0,10,8,4,2,66,27,16,19,19,9,68,76,26,6,0,2,7,40.0,40.0,2400,0,0,6,0,0,0
S41G01N216,2022-2023,20230225,원주 DB,22,2,19,46,22,25,6,2,2,5,5,9,2,73,30,19,19,24,14,71,78,33,8,0,5,10,40.0,40.0,2400,0,0,18,0,0,0
S41G01N216,2022-2023,20230225,전주 KCC,18,3,26,37,21,28,9,0,0,9,6,5,2,65,30,14,14,17,12,75,74,38,8,3,1,11,40.0,40.0,2400,0,0,12,0,0,0
S41G01N217,2022-2023,20230226,안양 KGC,17,1,34,43,20,23,7,2,2,9,8,6,4,68,29,18,21,15,6,73,77,40,8,0,3,12,40.0,40.0,2400,0,0,11,0,0,0
S41G01N217,2022-2023,20230226,대구 한국가스공사,17,2,30,35,17,27,6,0,0,17,12,2,2,62,23,11,11,21,4,64,79,34,9,2,2,10,40.0,40.0,2400,0,0,6,0,0,0
S41G01N218,2022-2023,20230301,전주 KCC,21,2,25,40,20,22,8,0,0,19,15,2,0,62,28,17,20,20,12,79,81,37,2,2,5,9,40.0,40.0,2400,0,0,4,0,0,0
S41G01N218,2022-2023,20230301,서울 삼성,11,4,22,53,19,19,6,3,2,16,13,2,0,75,27,20,21,31,19,73,91,41,6,0,3,5,40.0,40.0,2400,0,0,3,0,0,0
S41G01N219,2022-2023,20230301,대구 한국가스공사,22,1,25,45,23,17,6,2,2,17,15,3,0,64,31,17,17,18,11,83,81,36,4,0,6,9,40.0,40.0,2400,0,0,9,0,0,0
S41G01N219,2022-2023,20230301,고양 캐롯,15,4,22,21,13,46,12,1,1,14,12,2,0,68,26,18,19,18,10,76,82,32,4,0,2,7,40.0,40.0,2400,0,0,4,0,0,0
S41G01N220,2022-2023,20230301,수원 KT,18,7,30,41,24,19,5,2,2,12,10,3,0,62,31,15,16,16,11,77,74,41,9,1,4,17,40.0,40.0,2400,0,0,6,0,0,0
S41G01N220,2022-2023,20230301,원주 DB,17,3,19,45,21,23,7,1,0,6,2,3,2,69,28,15,15,20,9,65,75,28,10,1,3,12,40.0,40.0,2400,0,0,11,0,0,0
S41G01N221,2022-2023,20230302,울산 현대모비스,22,4,21,47,25,31,7,1,1,10,7,3,4,79,33,18,20,26,13,80,89,34,6,0,6,12,40.0,40.0,2400,0,1,6,0,0,0
S41G01N221,2022-2023,20230302,창원 LG,27,2,27,44,25,13,4,9,9,20,14,9,4,66,38,16,17,18,8,94,86,35,9,1,3,10,40.0,40.0,2400,0,0,14,0,0,0
S41G01N222,2022-2023,20230304,원주 DB,25,5,25,39,18,27,11,2,2,16,8,5,2,68,31,17,21,15,7,81,84,32,8,0,4,11,40.0,40.0,2400,0,0,13,0,0,0
S41G01N222,2022-2023,20230304,대구 한국가스공사,17,4,34,55,23,22,7,1,0,14,11,2,2,78,30,18,23,20,18,78,92,52,8,1,1,16,40.0,40.0,2400,0,0,11,0,0,0
S41G01N223,2022-2023,20230304,고양 캐롯,13,4,24,32,20,39,11,0,0,8,7,2,2,71,31,17,18,16,7,80,79,31,12,1,3,2,40.0,40.0,2400,0,0,4,0,0,0
S41G01N223,2022-2023,20230304,전주 KCC,12,4,28,40,20,22,3,0,0,13,11,3,0,62,23,15,16,21,13,60,75,41,1,3,6,14,40.0,40.0,2400,0,0,0,0,0,0
S41G01N224,2022-2023,20230304,서울 삼성,16,1,25,40,22,17,7,4,4,23,15,2,2,61,33,18,21,31,7,88,84,32,6,1,1,15,40.0,40.0,2400,0,0,6,0,0,0
S41G01N224,2022-2023,20230304,울산 현대모비스,20,3,23,42,24,31,11,0,0,16,11,5,0,73,35,20,20,23,12,92,89,35,8,0,4,12,40.0,40.0,2400,2,0,11,0,0,0
S41G01N225,2022-2023,20230304,창원 LG,19,1,33,46,17,20,11,4,3,13,11,5,2,70,31,18,20,17,9,84,83,42,5,1,4,6,40.0,40.0,2400,0,0,5,0,0,0
S41G01N225,2022-2023,20230304,수원 KT,13,4,27,48,16,27,9,0,0,14,8,0,0,75,25,16,17,25,12,67,89,39,5,0,6,7,40.0,40.0,2400,0,0,4,0,0,0
S41G01N226,2022-2023,20230307,원주 DB,26,2,21,38,21,21,9,5,5,18,12,4,2,64,35,20,25,18,14,91,82,35,5,1,4,17,40.0,40.0,2400,0,0,9,0,0,0
S41G01N226,2022-2023,20230307,고양 캐롯,13,0,14,38,24,27,10,0,0,22,18,3,2,65,34,16,20,15,9,96,87,23,10,0,2,8,40.0,40.0,2400,0,0,18,0,0,0
S41G01N227,2022-2023,20230308,서울 SK,19,0,20,41,24,22,10,2,2,15,12,9,8,65,36,16,18,15,10,94,80,30,9,1,2,9,40.0,40.0,2400,0,0,15,0,0,0
S41G01N227,2022-2023,20230308,수원 KT,22,3,20,42,24,22,11,0,0,14,10,4,0,64,35,16,17,19,10,91,78,30,5,0,0,12,40.0,40.0,2400,0,0,13,0,0,0
S41G01N228,2022-2023,20230309,전주 KCC,10,0,20,46,20,10,0,1,1,22,15,3,2,57,21,18,18,20,6,57,79,26,6,1,2,14,40.0,40.0,2400,0,0,8,0,0,0
S41G01N228,2022-2023,20230309,창원 LG,20,1,30,48,30,20,5,1,1,15,10,6,6,69,36,18,21,18,11,87,84,41,12,0,4,11,40.0,40.0,2400,1,0,10,0,0,0
S41G01N229,2022-2023,20230309,대구 한국가스공사,16,4,22,38,21,26,8,2,2,19,16,4,2,66,31,19,23,27,15,86,85,37,8,1,3,11,40.0,40.0,2400,0,0,7,0,0,0
S41G01N229,2022-2023,20230309,고양 캐롯,14,2,19,36,20,33,9,0,0,17,13,5,7,69,29,19,20,23,18,80,86,37,7,0,1,12,40.0,40.0,2400,0,0,12,0,0,0
S41G01N230,2022-2023,20230310,울산 현대모비스,19,0,21,40,21,28,8,0,0,12,9,3,2,68,29,17,18,24,7,75,80,28,6,0,3,6,40.0,40.0,2400,0,0,10,0,0,0
S41G01N230,2022-2023,20230310,서울 SK,18,4,30,47,30,12,3,1,1,20,14,7,6,60,34,17,19,18,6,85,80,36,3,1,4,10,40.0,40.0,2400,0,0,5,0,0,0
S41G01N231,2022-2023,20230310,서울 삼성,19,3,27,44,23,20,6,0,0,22,18,0,0,64,29,19,20,33,11,82,86,38,6,1,3,14,40.0,40.0,2400,0,0,3,0,0,0
S41G01N231,2022-2023,20230310,안양 KGC,15,5,16,62,29,11,1,4,4,16,10,4,2,77,34,17,20,12,18,79,93,34,8,1,7,11,40.0,40.0,2400,0,0,14,0,0,0
S41G01N232,2022-2023,20230311,고양 캐롯,19,2,22,38,27,27,9,0,0,15,11,2,4,65,36,17,18,19,6,92,80,28,6,0,0,5,40.0,40.0,2400,0,0,11,0,0,0
S41G01N232,2022-2023,20230311,창원 LG,15,0,24,39,23,24,8,0,0,14,13,3,4,63,31,19,18,26,9,83,77,33,3,0,1,12,40.0,40.0,2400,0,1,4,0,0,0
S41G01N233,2022-2023,20230311,전주 KCC,24,5,26,43,20,21,9,1,1,19,15,6,2,65,30,15,16,19,12,84,84,38,7,0,3,7,40.0,40.0,2400,0,0,6,0,0,0
S41G01N233,2022-2023,20230311,원주 DB,15,1,25,40,20,25,5,3,3,4,3,5,3,68,28,18,21,23,11,64,72,36,4,0,1,10,40.0,40.0,2400,0,0,2,0,0,0
S41G01N234,2022-2023,20230311,대구 한국가스공사,24,0,21,37,20,33,10,1,1,16,11,3,0,71,31,19,21,21,11,83,87,32,10,0,3,7,40.0,40.0,2400,0,0,17,0,0,0
S41G01N234,2022-2023,20230311,수원 KT,19,1,24,37,22,21,10,2,1,13,10,2,2,60,33,17,17,21,8,86,73,32,4,0,3,15,40.0,40.0,2400,0,0,9,0,0,0
S41G01N235,2022-2023,20230312,전주 KCC,15,3,21,45,21,17,6,0,0,23,18,3,4,62,27,17,16,18,8,78,85,29,10,0,4,6,40.0,40.0,2400,1,0,15,0,0,0
S41G01N235,2022-2023,20230312,서울 삼성,15,2,28,40,18,23,10,0,0,9,9,5,2,63,28,20,22,29,11,75,72,39,4,0,1,15,40.0,40.0,2400,1,0,10,0,0,0
S41G01N236,2022-2023,20230312,서울 SK,17,4,23,55,27,21,5,0,0,11,5,6,4,76,32,18,17,18,14,74,87,37,9,0,3,7,40.0,40.0,2400,0,1,16,0,0,0
S41G01N236,2022-2023,20230312,안양 KGC,20,3,28,48,23,20,6,0,0,12,9,6,4,68,29,14,13,11,11,73,80,39,4,2,6,14,40.0,40.0,2400,1,0,7,0,0,0
S41G01N237,2022-2023,20230312,원주 DB,23,1,21,45,23,13,2,2,2,15,10,4,0,60,27,16,18,33,5,66,75,26,6,0,3,13,40.0,40.0,2400,0,0,8,0,0,0
S41G01N237,2022-2023,20230312,울산 현대모비스,16,4,30,41,20,26,9,1,1,16,15,6,4,68,30,17,17,23,10,84,84,40,6,1,4,12,40.0,40.0,2400,0,0,11,0,0,0
S41G01N238,2022-2023,20230313,수원 KT,19,3,28,34,15,23,7,3,3,20,15,3,4,60,25,16,19,17,8,72,80,36,5,0,3,12,40.0,40.0,2400,0,0,6,0,0,0
S41G01N238,2022-2023,20230313,고양 캐롯,11,1,23,31,17,28,8,0,0,20,18,2,2,59,25,18,19,14,6,76,79,29,8,2,0,6,40.0,40.0,2400,1,0,10,0,0,0
S41G01N239,2022-2023,20230314,울산 현대모비스,23,4,21,37,21,29,13,0,0,8,5,6,2,66,34,17,18,25,8,86,74,29,8,1,2,11,40.0,40.0,2400,0,0,12,0,0,0
S41G01N239,2022-2023,20230314,대구 한국가스공사,18,2,23,52,23,22,5,2,2,13,10,4,0,76,30,14,14,23,21,75,89,44,9,1,5,13,40.0,40.0,2400,0,0,4,0,0,0
S41G01N240,2022-2023,20230315,고양 캐롯,17,3,21,26,12,42,11,2,2,8,6,4,2,70,25,17,20,21,12,67,78,33,8,1,3,8,40.0,40.0,2400,0,0,9,0,0,0
S41G01N240,2022-2023,20230315,전주 KCC,16,3,31,36,19,24,7,1,1,22,15,7,4,61,27,14,14,22,10,76,83,41,6,1,5,10,40.0,40.0,2400,0,0,7,0,0,0
S41G01N241,2022-2023,20230316,서울 삼성,14,2,23,56,12,19,6,1,1,15,14,5,2,76,19,17,19,31,18,58,91,41,7,0,6,10,40.0,40.0,2400,0,0,6,0,0,0
S41G01N241,2022-2023,20230316,원주 DB,15,8,30,49,23,12,3,3,2,21,12,5,2,64,28,20,22,20,13,71,85,43,8,0,6,11,40.0,40.0,2400,0,0,6,0,0,0
S41G01N242,2022-2023,20230316,안양 KGC,15,3,27,34,15,27,10,1,1,16,13,3,0,62,26,18,22,15,9,75,78,36,3,0,3,13,40.0,40.0,2400,0,0,2,0,0,0
S41G01N242,2022-2023,20230316,창원 LG,14,3,27,45,20,22,7,2,2,20,11,4,4,69,29,18,21,24,12,76,89,39,7,3,2,7,40.0,40.0,2400,0,0,10,0,0,0
S41G01N243,2022-2023,20230317,대구 한국가스공사,23,3,34,51,27,28,10,4,3,18,15,6,2,83,40,18,26,32,12,105,101,46,9,1,5,17,45.0,45.0,2700,1,0,13,0,0,0
S41G01N243,2022-2023,20230317,서울 SK,26,1,27,56,30,23,7,1,1,32,24,8,4,80,38,17,20,23,9,107,112,36,12,0,1,12,45.0,45.0,2700,1,0,20,0,0,0
S41G01N244,2022-2023,20230317,울산 현대모비스,19,1,19,37,19,26,11,0,0,9,8,4,2,63,30,19,22,21,8,79,72,27,9,1,1,7,40.0,40.0,2400,0,0,9,0,0,0
S41G01N244,2022-2023,20230317,전주 KCC,19,2,24,44,23,19,2,1,1,16,14,1,2,64,26,16,16,21,14,68,80,38,3,0,3,13,40.0,40.0,2400,0,0,5,0,0,0
S41G01N245,2022-2023,20230318,서울 삼성,14,4,23,43,22,21,7,0,0,16,11,3,2,64,29,20,22,28,15,76,80,38,3,0,3,12,40.0,40.0,2400,0,0,6,0,0,0
S41G01N245,2022-2023,20230318,창원 LG,15,2,19,39,18,21,9,2,2,20,10,3,4,62,29,18,20,20,10,77,82,29,8,1,5,7,40.0,40.0,2400,0,0,6,0,0,0
S41G01N246,2022-2023,20230318,원주 DB,20,1,42,46,23,23,5,1,1,11,5,4,0,70,29,17,17,25,13,68,81,55,1,0,4,10,40.0,40.0,2400,1,0,4,0,0,0
S41G01N246,2022-2023,20230318,고양 캐롯,14,4,30,33,11,39,7,0,0,16,14,0,0,72,18,16,16,19,9,57,88,39,6,0,0,2,40.0,40.0,2400,0,0,3,0,0,0
S41G01N247,2022-2023,20230318,안양 KGC,17,1,22,38,18,33,6,6,6,15,10,5,2,77,30,13,16,14,13,76,92,35,9,0,6,5,40.0,40.0,2400,0,0,10,0,0,0
S41G01N247,2022-2023,20230318,수원 KT,17,4,31,36,18,23,4,2,2,18,16,7,4,61,24,17,19,19,10,68,79,41,3,0,3,14,40.0,40.0,2400,1,0,0,0,0,0
S41G01N248,2022-2023,20230319,서울 삼성,16,0,29,43,19,21,8,0,0,13,10,4,4,64,27,18,20,23,6,72,77,35,2,2,5,8,40.0,40.0,2400,0,0,2,0,0,0
S41G01N248,2022-2023,20230319,서울 SK,13,5,27,58,29,13,2,2,1,23,12,8,8,73,32,19,22,17,15,78,96,42,6,1,4,3,40.0,40.0,2400,0,0,8,0,0,0
S41G01N249,2022-2023,20230319,수원 KT,15,3,22,47,21,25,7,1,1,14,12,3,0,73,29,16,16,20,11,77,87,33,9,1,4,6,40.0,40.0,2400,0,0,14,0,0,0
S41G01N249,2022-2023,20230319,울산 현대모비스,19,0,31,34,19,35,17,0,0,5,3,2,2,69,36,18,20,21,10,92,74,41,4,1,2,13,40.0,40.0,2400,0,0,5,0,0,0
S41G01N250,2022-2023,20230319,창원 LG,11,0,30,55,20,15,3,1,1,10,8,1,0,71,24,18,19,17,8,59,81,38,8,0,5,9,40.0,40.0,2400,0,0,13,0,0,0
S41G01N250,2022-2023,20230319,원주 DB,13,4,33,40,17,29,7,1,1,14,8,4,2,70,25,18,20,19,14,65,84,47,5,0,3,13,40.0,40.0,2400,0,0,4,0,0,0
S41G01N251,2022-2023,20230320,안양 KGC,26,4,33,46,25,26,13,1,1,10,7,7,0,73,39,12,14,8,10,98,83,43,2,0,2,4,40.0,40.0,2400,0,0,12,0,0,0
S41G01N251,2022-2023,20230320,전주 KCC,22,1,22,38,14,29,13,0,0,11,7,2,0,67,27,14,14,14,5,74,78,27,2,1,2,4,40.0,40.0,2400,0,0,5,0,0,0
S41G01N252,2022-2023,20230321,울산 현대모비스,27,2,28,42,21,31,13,0,0,24,17,10,2,73,34,19,22,17,16,98,97,44,8,0,4,11,40.0,40.0,2400,0,0,12,0,0,0
S41G01N252,2022-2023,20230321,서울 삼성,17,0,27,44,21,24,7,1,1,22,15,6,0,69,29,19,21,24,9,80,91,36,4,2,3,9,40.0,40.0,2400,0,0,8,0,0,0
S41G01N253,2022-2023,20230322,서울 SK,21,0,31,48,29,22,5,1,1,23,13,7,6,71,35,19,20,21,12,88,94,43,7,0,2,4,40.0,40.0,2400,0,0,12,0,0,0
S41G01N253,2022-2023,20230322,고양 캐롯,11,0,25,30,14,36,10,0,0,18,15,1,0,66,24,19,23,22,10,73,84,35,2,0,2,10,40.0,40.0,2400,0,0,0,0,0,0
S41G01N254,2022-2023,20230323,창원 LG,15,1,29,36,19,31,8,1,1,26,19,4,2,68,28,16,19,21,14,83,94,43,10,0,4,12,40.0,40.0,2400,0,0,9,0,0,0
S41G01N254,2022-2023,20230323,대구 한국가스공사,20,2,26,53,27,16,4,1,0,16,13,5,4,70,31,19,25,19,9,79,86,35,8,0,3,10,40.0,40.0,2400,0,0,12,0,0,0
S41G01N255,2022-2023,20230323,원주 DB,20,3,29,41,17,25,11,4,4,11,7,4,6,70,32,17,16,21,13,82,81,42,9,2,4,11,40.0,40.0,2400,2,0,9,0,0,0
S41G01N255,2022-2023,20230323,수원 KT,23,3,24,37,17,22,5,4,3,22,15,6,2,63,25,17,16,16,9,70,85,33,9,1,2,10,40.0,40.0,2400,1,0,4,0,0,0
S41G01N256,2022-2023,20230324,서울 SK,21,1,19,61,31,16,4,6,5,13,11,7,2,83,40,19,22,18,12,95,96,31,11,0,4,6,45.0,45.0,2700,0,0,20,0,0,0
S41G01N256,2022-2023,20230324,전주 KCC,22,8,29,41,25,23,8,0,0,20,17,8,4,64,33,17,17,20,13,91,84,42,5,1,1,20,45.0,45.0,2700,0,0,4,0,0,0
S41G01N257,2022-2023,20230324,울산 현대모비스,21,4,33,48,22,32,12,2,2,13,10,4,5,82,36,16,18,22,16,94,95,49,7,2,3,11,40.0,40.0,2400,0,1,8,0,0,0
S41G01N257,2022-2023,20230324,안양 KGC,16,6,28,39,22,34,10,4,2,14,11,5,6,77,34,14,15,14,7,89,91,35,7,0,6,10,40.0,40.0,2400,0,0,12,0,0,0
S41G01N258,2022-2023,20230325,수원 KT,20,1,20,34,21,33,10,1,1,11,6,4,2,68,32,17,21,24,9,80,79,29,4,0,6,11,40.0,40.0,2400,0,0,11,0,0,0
S41G01N258,2022-2023,20230325,창원 LG,15,1,25,49,26,17,7,1,0,18,12,4,0,67,33,17,16,27,14,85,85,39,7,1,2,9,40.0,40.0,2400,1,0,10,0,0,0
S41G01N259,2022-2023,20230325,서울 삼성,16,0,22,42,19,22,6,0,0,15,10,1,0,64,25,16,17,22,10,66,79,32,2,0,3,11,40.0,40.0,2400,1,0,0,0,0,0
S41G01N259,2022-2023,20230325,고양 캐롯,14,3,22,35,24,31,8,0,0,21,16,2,0,66,32,17,14,25,10,88,87,32,8,1,8,4,40.0,40.0,2400,1,2,10,0,0,0
S41G01N260,2022-2023,20230325,원주 DB,20,4,23,36,21,26,9,2,2,13,11,3,2,64,32,19,20,22,8,84,77,31,3,1,2,9,40.0,40.0,2400,0,0,4,0,0,0
S41G01N260,2022-2023,20230325,대구 한국가스공사,16,5,21,46,24,20,8,0,0,19,11,8,6,66,32,19,19,20,13,83,85,34,6,0,3,9,40.0,40.0,2400,0,0,11,0,0,0
S41G01N261,2022-2023,20230326,전주 KCC,18,0,25,36,19,29,10,1,1,20,19,2,4,66,30,17,17,22,11,89,86,36,6,0,1,11,45.0,45.0,2700,0,0,8,0,0,0
S41G01N261,2022-2023,20230326,수원 KT,12,2,25,40,23,27,11,2,2,6,5,5,6,69,36,18,22,22,8,88,75,33,7,3,1,10,45.0,45.0,2700,1,0,11,0,0,0
S41G01N262,2022-2023,20230326,창원 LG,18,1,26,35,12,22,11,1,1,16,10,3,0,58,24,18,18,20,10,69,74,36,7,2,2,13,40.0,40.0,2400,0,0,11,0,0,0
S41G01N262,2022-2023,20230326,서울 SK,11,0,24,41,18,23,8,1,1,14,12,2,2,65,27,18,20,17,12,74,79,36,6,0,3,9,40.0,40.0,2400,0,0,12,0,0,0
S41G01N263,2022-2023,20230326,안양 KGC,18,7,24,41,26,23,4,1,0,17,12,7,4,65,30,17,17,19,7,76,82,31,6,1,2,6,40.0,40.0,2400,0,0,8,0,0,0
S41G01N263,2022-2023,20230326,원주 DB,20,2,27,52,23,20,5,2,2,11,6,4,0,74,30,18,18,19,17,71,85,44,5,2,3,10,40.0,40.0,2400,0,0,4,0,0,0
S41G01N264,2022-2023,20230327,고양 캐롯,13,0,22,46,22,32,9,0,0,17,12,5,6,78,31,17,19,27,13,83,95,35,8,0,3,7,40.0,40.0,2400,0,0,8,0,0,0
S41G01N264,2022-2023,20230327,울산 현대모비스,20,5,31,37,22,23,9,1,1,23,15,7,6,61,32,19,24,20,10,88,84,41,6,0,4,13,40.0,40.0,2400,0,0,6,0,0,0
S41G01N265,2022-2023,20230327,서울 삼성,17,4,30,37,20,26,10,0,0,12,8,6,2,63,30,16,21,22,7,78,75,37,6,1,5,8,40.0,40.0,2400,0,0,13,0,0,0
S41G01N265,2022-2023,20230327,대구 한국가스공사,13,3,21,38,12,34,7,1,1,16,10,1,2,73,20,14,15,19,17,57,89,38,5,0,10,9,40.0,40.0,2400,0,0,5,0,0,0
S41G01N266,2022-2023,20230329,서울 SK,19,1,26,53,31,19,5,0,0,11,9,6,2,72,36,14,16,18,9,86,83,35,8,1,2,6,40.0,40.0,2400,0,0,14,0,0,0
S41G01N266,2022-2023,20230329,원주 DB,18,1,24,43,27,20,4,1,1,9,7,5,0,64,32,13,13,22,7,75,73,31,2,0,1,10,40.0,40.0,2400,0,0,10,0,0,0
S41G01N267,2022-2023,20230329,창원 LG,24,0,21,44,26,11,4,5,5,28,23,9,6,60,35,18,20,18,4,97,88,25,10,1,2,9,40.0,40.0,2400,0,0,18,0,0,0
S41G01N267,2022-2023,20230329,울산 현대모비스,15,2,18,43,26,26,8,0,0,13,12,3,2,69,34,19,23,26,14,88,82,32,8,0,2,14,40.0,40.0,2400,2,0,16,0,0,0
S41G01N268,2022-2023,20230329,수원 KT,15,5,30,39,18,28,8,4,4,19,16,9,2,71,30,18,18,27,10,84,90,40,5,0,1,6,40.0,40.0,2400,0,0,11,0,0,0
S41G01N268,2022-2023,20230329,서울 삼성,17,3,28,57,24,23,6,2,2,12,11,4,0,82,32,15,15,27,15,81,94,43,4,0,5,8,40.0,40.0,2400,0,0,5,0,0,0
S41G01N269,2022-2023,20230329,전주 KCC,13,2,25,30,15,25,5,1,1,20,10,5,2,56,21,17,16,20,6,57,76,31,4,2,2,9,40.0,40.0,2400,1,0,7,0,0,0
S41G01N269,2022-2023,20230329,대구 한국가스공사,20,2,29,38,18,27,9,3,3,12,6,2,0,68,30,19,22,15,13,75,80,42,8,0,4,10,40.0,40.0,2400,0,0,8,0,0,0
S41G01N270,2022-2023,20230329,고양 캐롯,18,2,26,34,21,47,14,1,1,18,15,3,4,82,36,17,18,19,14,101,100,40,7,0,5,3,40.0,40.0,2400,0,0,24,0,0,0
S41G01N270,2022-2023,20230329,안양 KGC,19,4,30,40,21,24,6,2,1,11,10,2,0,66,28,18,20,15,8,72,77,38,1,0,2,15,40.0,40.0,2400,0,0,2,0,0,0
